-- phpMyAdmin SQL Dump
-- version 5.1.1
-- https://www.phpmyadmin.net/
--
-- Host: 127.0.0.1
-- Generation Time: Feb 19, 2022 at 05:27 AM
-- Server version: 10.4.21-MariaDB
-- PHP Version: 8.0.11

SET SQL_MODE = "NO_AUTO_VALUE_ON_ZERO";
START TRANSACTION;
SET time_zone = "+00:00";


/*!40101 SET @OLD_CHARACTER_SET_CLIENT=@@CHARACTER_SET_CLIENT */;
/*!40101 SET @OLD_CHARACTER_SET_RESULTS=@@CHARACTER_SET_RESULTS */;
/*!40101 SET @OLD_COLLATION_CONNECTION=@@COLLATION_CONNECTION */;
/*!40101 SET NAMES utf8mb4 */;

--
-- Database: `odaita`
--

-- --------------------------------------------------------

--
-- Table structure for table `dimensi`
--

CREATE TABLE `dimensi` (
  `id_dimensi` int(11) NOT NULL,
  `dimensi` text NOT NULL
) ENGINE=InnoDB DEFAULT CHARSET=latin1;

--
-- Dumping data for table `dimensi`
--

INSERT INTO `dimensi` (`id_dimensi`, `dimensi`) VALUES
(1, 'Tangible'),
(2, 'Reliability'),
(3, 'Responsivenes'),
(4, 'Assurance'),
(5, 'Emphaty');

-- --------------------------------------------------------

--
-- Table structure for table `jawaban`
--

CREATE TABLE `jawaban` (
  `id_jawaban` int(11) NOT NULL,
  `user_id` int(11) DEFAULT NULL,
  `tanggal` date DEFAULT NULL,
  `kritik` text DEFAULT NULL,
  `code_quisioner` text NOT NULL,
  `nilai` double(11,3) NOT NULL,
  `hasil` varchar(11) NOT NULL
) ENGINE=InnoDB DEFAULT CHARSET=latin1;

--
-- Dumping data for table `jawaban`
--

INSERT INTO `jawaban` (`id_jawaban`, `user_id`, `tanggal`, `kritik`, `code_quisioner`, `nilai`, `hasil`) VALUES
(1, 11, '2021-07-24', '', '21072402231411', 4.310, 'Tinggi'),
(2, 12, '2021-07-24', '', '21072402413512', 2.930, 'Sedang'),
(3, 13, '2021-07-24', '', '21072402501313', 3.360, 'Sedang'),
(4, 14, '2021-07-24', '', '21072402580814', 3.210, 'Sedang'),
(5, 15, '2021-07-24', '', '21072403472215', 3.020, 'Sedang'),
(6, 16, '2021-07-29', '', '21072905390216', 3.470, 'Sedang'),
(7, 17, '2021-07-29', '', '21072905462917', 3.280, 'Sedang'),
(8, 18, '2021-07-29', '', '21072905524618', 3.340, 'Sedang'),
(9, 19, '2021-07-29', '', '21072908331319', 3.120, 'Sedang'),
(10, 20, '2021-07-29', '', '21072908421620', 3.210, 'Sedang'),
(11, 21, '2021-08-25', '', '21082506271821', 3.410, 'Sedang'),
(12, 22, '2021-08-25', '', '21082506545622', 3.660, 'Tinggi'),
(13, 23, '2021-08-26', '', '21082607062523', 3.360, 'Sedang'),
(14, 24, '2021-08-26', '', '21082607254724', 2.980, 'Sedang'),
(15, 25, '2021-08-26', '', '21082607405325', 3.140, 'Sedang'),
(16, 26, '2021-08-26', '', '21082607584126', 2.980, 'Sedang'),
(17, 27, '2021-08-26', '', '21082608271927', 2.980, 'Sedang'),
(18, 28, '2021-08-26', '', '21082608363528', 2.990, 'Sedang'),
(19, 29, '2021-08-26', '', '21082609233729', 3.360, 'Sedang'),
(20, 30, '2021-08-26', '', '21082609465330', 3.340, 'Sedang'),
(21, 31, '2021-08-26', '', '21082611570731', 2.990, 'Sedang'),
(22, 32, '2021-08-27', '', '21082712014232', 3.110, 'Sedang'),
(23, 33, '2021-08-27', '', '21082712075733', 3.550, 'Tinggi'),
(24, 34, '2021-08-27', '', '21082712142934', 3.380, 'Sedang'),
(25, 35, '2021-08-27', '', '21082712210735', 3.660, 'Tinggi'),
(26, 36, '2021-08-27', '', '21082712512936', 3.110, 'Sedang'),
(27, 37, '2021-08-27', '', '21082712581937', 3.220, 'Sedang'),
(28, 38, '2021-08-27', '', '21082701040138', 2.980, 'Sedang'),
(29, 39, '2021-08-27', '', '21082701071239', 3.230, 'Sedang'),
(30, 40, '2021-08-27', '', '21082701102340', 2.180, 'Sedang'),
(31, 41, '2021-08-31', '', '21083108200941', 0.000, 'Rendah');

-- --------------------------------------------------------

--
-- Table structure for table `kepuasan`
--

CREATE TABLE `kepuasan` (
  `id_kepuasan` int(11) NOT NULL,
  `kepuasan` text NOT NULL,
  `alias` varchar(30) NOT NULL,
  `skor` int(11) NOT NULL
) ENGINE=InnoDB DEFAULT CHARSET=latin1;

--
-- Dumping data for table `kepuasan`
--

INSERT INTO `kepuasan` (`id_kepuasan`, `kepuasan`, `alias`, `skor`) VALUES
(1, 'TP', 'Tidak Puas', 1),
(2, 'KP', 'Kurang Puas', 2),
(3, 'CP', 'Cukup Puas', 3),
(4, 'P', 'Puas', 4),
(5, 'SP', 'Sangat Puas', 5),
(6, 'TPG', 'Tidak Penting', 1),
(7, 'KPG', 'Kurang Penting', 2),
(8, 'CPG', 'Cukup Penting', 3),
(9, 'PG', 'Penting', 4),
(10, 'SPG', 'Sangat Penting', 5),
(11, 'R', 'Rendah', 0),
(12, 'S', 'Sedang', 3),
(13, 'T', 'Tinggi', 5);

-- --------------------------------------------------------

--
-- Table structure for table `kuisioner`
--

CREATE TABLE `kuisioner` (
  `id_kuisioner` int(11) NOT NULL,
  `id_pernyataan` int(11) NOT NULL,
  `id_dimensi` int(11) DEFAULT NULL,
  `user_id` int(11) DEFAULT NULL,
  `kepuasan` varchar(200) DEFAULT NULL,
  `code_quisioner` varchar(25) NOT NULL,
  `created_at` varchar(25) NOT NULL,
  `jenis` enum('Persepsi','Harapan') NOT NULL
) ENGINE=InnoDB DEFAULT CHARSET=latin1;

--
-- Dumping data for table `kuisioner`
--

INSERT INTO `kuisioner` (`id_kuisioner`, `id_pernyataan`, `id_dimensi`, `user_id`, `kepuasan`, `code_quisioner`, `created_at`, `jenis`) VALUES
(1, 1, 1, 11, 'CPG', '21072108424611', '2021-07-21 20:42:46', 'Harapan'),
(2, 15, 1, 11, 'PG', '21072108424611', '2021-07-21 20:42:46', 'Harapan'),
(3, 19, 1, 11, 'PG', '21072108424611', '2021-07-21 20:42:46', 'Harapan'),
(4, 20, 1, 11, 'CPG', '21072108424611', '2021-07-21 20:42:47', 'Harapan'),
(5, 4, 2, 11, 'CPG', '21072108424611', '2021-07-21 20:42:47', 'Harapan'),
(6, 5, 2, 11, 'PG', '21072108424611', '2021-07-21 20:42:47', 'Harapan'),
(7, 21, 2, 11, 'CPG', '21072108424611', '2021-07-21 20:42:47', 'Harapan'),
(8, 22, 2, 11, 'PG', '21072108424611', '2021-07-21 20:42:47', 'Harapan'),
(9, 6, 3, 11, 'CPG', '21072108424611', '2021-07-21 20:42:47', 'Harapan'),
(10, 7, 3, 11, 'CPG', '21072108424611', '2021-07-21 20:42:47', 'Harapan'),
(11, 23, 3, 11, 'CPG', '21072108424611', '2021-07-21 20:42:47', 'Harapan'),
(12, 24, 3, 11, 'CPG', '21072108424611', '2021-07-21 20:42:47', 'Harapan'),
(13, 8, 4, 11, 'PG', '21072108424611', '2021-07-21 20:42:47', 'Harapan'),
(14, 9, 4, 11, 'SPG', '21072108424611', '2021-07-21 20:42:47', 'Harapan'),
(15, 25, 4, 11, 'SPG', '21072108424611', '2021-07-21 20:42:47', 'Harapan'),
(16, 26, 4, 11, 'PG', '21072108424611', '2021-07-21 20:42:47', 'Harapan'),
(17, 10, 5, 11, 'CPG', '21072108424611', '2021-07-21 20:42:47', 'Harapan'),
(18, 11, 5, 11, 'CPG', '21072108424611', '2021-07-21 20:42:47', 'Harapan'),
(19, 27, 5, 11, 'PG', '21072108424611', '2021-07-21 20:42:47', 'Harapan'),
(20, 28, 5, 11, 'CPG', '21072108424611', '2021-07-21 20:42:48', 'Harapan'),
(21, 1, 1, 11, 'SP', '21072108424611', '2021-07-21 20:53:57', 'Persepsi'),
(22, 15, 1, 11, 'P', '21072108424611', '2021-07-21 20:53:57', 'Persepsi'),
(23, 19, 1, 11, 'SP', '21072108424611', '2021-07-21 20:53:57', 'Persepsi'),
(24, 20, 1, 11, 'SP', '21072108424611', '2021-07-21 20:53:57', 'Persepsi'),
(25, 4, 2, 11, 'SP', '21072108424611', '2021-07-21 20:53:58', 'Persepsi'),
(26, 5, 2, 11, 'P', '21072108424611', '2021-07-21 20:53:58', 'Persepsi'),
(27, 21, 2, 11, 'SP', '21072108424611', '2021-07-21 20:53:58', 'Persepsi'),
(28, 22, 2, 11, 'P', '21072108424611', '2021-07-21 20:53:58', 'Persepsi'),
(29, 6, 3, 11, 'SP', '21072108424611', '2021-07-21 20:53:58', 'Persepsi'),
(30, 7, 3, 11, 'SP', '21072108424611', '2021-07-21 20:53:58', 'Persepsi'),
(31, 23, 3, 11, 'SP', '21072108424611', '2021-07-21 20:53:58', 'Persepsi'),
(32, 24, 3, 11, 'P', '21072108424611', '2021-07-21 20:53:59', 'Persepsi'),
(33, 8, 4, 11, 'CP', '21072108424611', '2021-07-21 20:53:59', 'Persepsi'),
(34, 9, 4, 11, 'P', '21072108424611', '2021-07-21 20:53:59', 'Persepsi'),
(35, 25, 4, 11, 'SP', '21072108424611', '2021-07-21 20:53:59', 'Persepsi'),
(36, 26, 4, 11, 'P', '21072108424611', '2021-07-21 20:53:59', 'Persepsi'),
(37, 10, 5, 11, 'SP', '21072108424611', '2021-07-21 20:53:59', 'Persepsi'),
(38, 11, 5, 11, 'P', '21072108424611', '2021-07-21 20:53:59', 'Persepsi'),
(39, 27, 5, 11, 'SP', '21072108424611', '2021-07-21 20:53:59', 'Persepsi'),
(40, 28, 5, 11, 'SP', '21072108424611', '2021-07-21 20:53:59', 'Persepsi'),
(41, 1, 1, 11, 'CPG', '21072108580711', '2021-07-21 20:58:07', 'Harapan'),
(42, 15, 1, 11, 'PG', '21072108580711', '2021-07-21 20:58:07', 'Harapan'),
(43, 19, 1, 11, 'CPG', '21072108580711', '2021-07-21 20:58:07', 'Harapan'),
(44, 20, 1, 11, 'PG', '21072108580711', '2021-07-21 20:58:07', 'Harapan'),
(45, 4, 2, 11, 'PG', '21072108580711', '2021-07-21 20:58:07', 'Harapan'),
(46, 5, 2, 11, 'CPG', '21072108580711', '2021-07-21 20:58:07', 'Harapan'),
(47, 21, 2, 11, 'CPG', '21072108580711', '2021-07-21 20:58:07', 'Harapan'),
(48, 22, 2, 11, 'PG', '21072108580711', '2021-07-21 20:58:07', 'Harapan'),
(49, 6, 3, 11, 'KPG', '21072108580711', '2021-07-21 20:58:07', 'Harapan'),
(50, 7, 3, 11, 'CPG', '21072108580711', '2021-07-21 20:58:07', 'Harapan'),
(51, 23, 3, 11, 'CPG', '21072108580711', '2021-07-21 20:58:08', 'Harapan'),
(52, 24, 3, 11, 'SPG', '21072108580711', '2021-07-21 20:58:08', 'Harapan'),
(53, 8, 4, 11, 'CPG', '21072108580711', '2021-07-21 20:58:08', 'Harapan'),
(54, 9, 4, 11, 'CPG', '21072108580711', '2021-07-21 20:58:08', 'Harapan'),
(55, 25, 4, 11, 'PG', '21072108580711', '2021-07-21 20:58:08', 'Harapan'),
(56, 26, 4, 11, 'CPG', '21072108580711', '2021-07-21 20:58:08', 'Harapan'),
(57, 10, 5, 11, 'CPG', '21072108580711', '2021-07-21 20:58:08', 'Harapan'),
(58, 11, 5, 11, 'CPG', '21072108580711', '2021-07-21 20:58:09', 'Harapan'),
(59, 27, 5, 11, 'PG', '21072108580711', '2021-07-21 20:58:09', 'Harapan'),
(60, 28, 5, 11, 'SPG', '21072108580711', '2021-07-21 20:58:09', 'Harapan'),
(61, 1, 1, 11, 'P', '21072108580711', '2021-07-21 21:00:30', 'Persepsi'),
(62, 15, 1, 11, 'P', '21072108580711', '2021-07-21 21:00:30', 'Persepsi'),
(63, 19, 1, 11, 'SP', '21072108580711', '2021-07-21 21:00:30', 'Persepsi'),
(64, 20, 1, 11, 'P', '21072108580711', '2021-07-21 21:00:30', 'Persepsi'),
(65, 4, 2, 11, 'CP', '21072108580711', '2021-07-21 21:00:30', 'Persepsi'),
(66, 5, 2, 11, 'P', '21072108580711', '2021-07-21 21:00:30', 'Persepsi'),
(67, 21, 2, 11, 'P', '21072108580711', '2021-07-21 21:00:30', 'Persepsi'),
(68, 22, 2, 11, 'P', '21072108580711', '2021-07-21 21:00:30', 'Persepsi'),
(69, 6, 3, 11, 'SP', '21072108580711', '2021-07-21 21:00:30', 'Persepsi'),
(70, 7, 3, 11, 'CP', '21072108580711', '2021-07-21 21:00:30', 'Persepsi'),
(71, 23, 3, 11, 'P', '21072108580711', '2021-07-21 21:00:31', 'Persepsi'),
(72, 24, 3, 11, 'SP', '21072108580711', '2021-07-21 21:00:31', 'Persepsi'),
(73, 8, 4, 11, 'P', '21072108580711', '2021-07-21 21:00:31', 'Persepsi'),
(74, 9, 4, 11, 'P', '21072108580711', '2021-07-21 21:00:31', 'Persepsi'),
(75, 25, 4, 11, 'SP', '21072108580711', '2021-07-21 21:00:31', 'Persepsi'),
(76, 26, 4, 11, 'P', '21072108580711', '2021-07-21 21:00:31', 'Persepsi'),
(77, 10, 5, 11, 'CP', '21072108580711', '2021-07-21 21:00:31', 'Persepsi'),
(78, 11, 5, 11, 'P', '21072108580711', '2021-07-21 21:00:31', 'Persepsi'),
(79, 27, 5, 11, 'SP', '21072108580711', '2021-07-21 21:00:31', 'Persepsi'),
(80, 28, 5, 11, 'P', '21072108580711', '2021-07-21 21:00:32', 'Persepsi'),
(81, 1, 1, 11, 'CPG', '21072402231411', '2021-07-24 14:23:14', 'Harapan'),
(82, 15, 1, 11, 'PG', '21072402231411', '2021-07-24 14:23:14', 'Harapan'),
(83, 19, 1, 11, 'PG', '21072402231411', '2021-07-24 14:23:14', 'Harapan'),
(84, 20, 1, 11, 'CPG', '21072402231411', '2021-07-24 14:23:14', 'Harapan'),
(85, 4, 2, 11, 'CPG', '21072402231411', '2021-07-24 14:23:14', 'Harapan'),
(86, 5, 2, 11, 'PG', '21072402231411', '2021-07-24 14:23:14', 'Harapan'),
(87, 21, 2, 11, 'CPG', '21072402231411', '2021-07-24 14:23:14', 'Harapan'),
(88, 22, 2, 11, 'PG', '21072402231411', '2021-07-24 14:23:14', 'Harapan'),
(89, 6, 3, 11, 'CPG', '21072402231411', '2021-07-24 14:23:14', 'Harapan'),
(90, 7, 3, 11, 'CPG', '21072402231411', '2021-07-24 14:23:14', 'Harapan'),
(91, 23, 3, 11, 'CPG', '21072402231411', '2021-07-24 14:23:14', 'Harapan'),
(92, 24, 3, 11, 'CPG', '21072402231411', '2021-07-24 14:23:15', 'Harapan'),
(93, 8, 4, 11, 'PG', '21072402231411', '2021-07-24 14:23:15', 'Harapan'),
(94, 9, 4, 11, 'SPG', '21072402231411', '2021-07-24 14:23:15', 'Harapan'),
(95, 25, 4, 11, 'SPG', '21072402231411', '2021-07-24 14:23:15', 'Harapan'),
(96, 26, 4, 11, 'PG', '21072402231411', '2021-07-24 14:23:15', 'Harapan'),
(97, 10, 5, 11, 'CPG', '21072402231411', '2021-07-24 14:23:15', 'Harapan'),
(98, 11, 5, 11, 'CPG', '21072402231411', '2021-07-24 14:23:15', 'Harapan'),
(99, 27, 5, 11, 'PG', '21072402231411', '2021-07-24 14:23:15', 'Harapan'),
(100, 28, 5, 11, 'CPG', '21072402231411', '2021-07-24 14:23:15', 'Harapan'),
(101, 1, 1, 11, 'SP', '21072402231411', '2021-07-24 14:28:21', 'Persepsi'),
(102, 15, 1, 11, 'P', '21072402231411', '2021-07-24 14:28:21', 'Persepsi'),
(103, 19, 1, 11, 'SP', '21072402231411', '2021-07-24 14:28:22', 'Persepsi'),
(104, 20, 1, 11, 'SP', '21072402231411', '2021-07-24 14:28:22', 'Persepsi'),
(105, 4, 2, 11, 'SP', '21072402231411', '2021-07-24 14:28:22', 'Persepsi'),
(106, 5, 2, 11, 'P', '21072402231411', '2021-07-24 14:28:22', 'Persepsi'),
(107, 21, 2, 11, 'SP', '21072402231411', '2021-07-24 14:28:23', 'Persepsi'),
(108, 22, 2, 11, 'P', '21072402231411', '2021-07-24 14:28:23', 'Persepsi'),
(109, 6, 3, 11, 'SP', '21072402231411', '2021-07-24 14:28:23', 'Persepsi'),
(110, 7, 3, 11, 'SP', '21072402231411', '2021-07-24 14:28:23', 'Persepsi'),
(111, 23, 3, 11, 'SP', '21072402231411', '2021-07-24 14:28:23', 'Persepsi'),
(112, 24, 3, 11, 'P', '21072402231411', '2021-07-24 14:28:23', 'Persepsi'),
(113, 8, 4, 11, 'CP', '21072402231411', '2021-07-24 14:28:24', 'Persepsi'),
(114, 9, 4, 11, 'P', '21072402231411', '2021-07-24 14:28:24', 'Persepsi'),
(115, 25, 4, 11, 'SP', '21072402231411', '2021-07-24 14:28:24', 'Persepsi'),
(116, 26, 4, 11, 'P', '21072402231411', '2021-07-24 14:28:24', 'Persepsi'),
(117, 10, 5, 11, 'SP', '21072402231411', '2021-07-24 14:28:24', 'Persepsi'),
(118, 11, 5, 11, 'P', '21072402231411', '2021-07-24 14:28:24', 'Persepsi'),
(119, 27, 5, 11, 'SP', '21072402231411', '2021-07-24 14:28:24', 'Persepsi'),
(120, 28, 5, 11, 'SP', '21072402231411', '2021-07-24 14:28:24', 'Persepsi'),
(121, 1, 1, 12, 'KPG', '21072402413512', '2021-07-24 14:41:35', 'Harapan'),
(122, 15, 1, 12, 'CPG', '21072402413512', '2021-07-24 14:41:35', 'Harapan'),
(123, 19, 1, 12, 'PG', '21072402413512', '2021-07-24 14:41:35', 'Harapan'),
(124, 20, 1, 12, 'CPG', '21072402413512', '2021-07-24 14:41:35', 'Harapan'),
(125, 4, 2, 12, 'CPG', '21072402413512', '2021-07-24 14:41:35', 'Harapan'),
(126, 5, 2, 12, 'PG', '21072402413512', '2021-07-24 14:41:35', 'Harapan'),
(127, 21, 2, 12, 'SPG', '21072402413512', '2021-07-24 14:41:35', 'Harapan'),
(128, 22, 2, 12, 'SPG', '21072402413512', '2021-07-24 14:41:35', 'Harapan'),
(129, 6, 3, 12, 'SPG', '21072402413512', '2021-07-24 14:41:35', 'Harapan'),
(130, 7, 3, 12, 'SPG', '21072402413512', '2021-07-24 14:41:35', 'Harapan'),
(131, 23, 3, 12, 'PG', '21072402413512', '2021-07-24 14:41:35', 'Harapan'),
(132, 24, 3, 12, 'SPG', '21072402413512', '2021-07-24 14:41:35', 'Harapan'),
(133, 8, 4, 12, 'PG', '21072402413512', '2021-07-24 14:41:36', 'Harapan'),
(134, 9, 4, 12, 'SPG', '21072402413512', '2021-07-24 14:41:36', 'Harapan'),
(135, 25, 4, 12, 'PG', '21072402413512', '2021-07-24 14:41:36', 'Harapan'),
(136, 26, 4, 12, 'PG', '21072402413512', '2021-07-24 14:41:36', 'Harapan'),
(137, 10, 5, 12, 'SPG', '21072402413512', '2021-07-24 14:41:36', 'Harapan'),
(138, 11, 5, 12, 'SPG', '21072402413512', '2021-07-24 14:41:36', 'Harapan'),
(139, 27, 5, 12, 'SPG', '21072402413512', '2021-07-24 14:41:37', 'Harapan'),
(140, 28, 5, 12, 'SPG', '21072402413512', '2021-07-24 14:41:37', 'Harapan'),
(141, 1, 1, 12, 'P', '21072402413512', '2021-07-24 14:43:26', 'Persepsi'),
(142, 15, 1, 12, 'P', '21072402413512', '2021-07-24 14:43:26', 'Persepsi'),
(143, 19, 1, 12, 'SP', '21072402413512', '2021-07-24 14:43:27', 'Persepsi'),
(144, 20, 1, 12, 'P', '21072402413512', '2021-07-24 14:43:27', 'Persepsi'),
(145, 4, 2, 12, 'CP', '21072402413512', '2021-07-24 14:43:27', 'Persepsi'),
(146, 5, 2, 12, 'P', '21072402413512', '2021-07-24 14:43:27', 'Persepsi'),
(147, 21, 2, 12, 'P', '21072402413512', '2021-07-24 14:43:27', 'Persepsi'),
(148, 22, 2, 12, 'SP', '21072402413512', '2021-07-24 14:43:27', 'Persepsi'),
(149, 6, 3, 12, 'SP', '21072402413512', '2021-07-24 14:43:27', 'Persepsi'),
(150, 7, 3, 12, 'CP', '21072402413512', '2021-07-24 14:43:27', 'Persepsi'),
(151, 23, 3, 12, 'P', '21072402413512', '2021-07-24 14:43:27', 'Persepsi'),
(152, 24, 3, 12, 'SP', '21072402413512', '2021-07-24 14:43:27', 'Persepsi'),
(153, 8, 4, 12, 'P', '21072402413512', '2021-07-24 14:43:27', 'Persepsi'),
(154, 9, 4, 12, 'P', '21072402413512', '2021-07-24 14:43:27', 'Persepsi'),
(155, 25, 4, 12, 'SP', '21072402413512', '2021-07-24 14:43:28', 'Persepsi'),
(156, 26, 4, 12, 'P', '21072402413512', '2021-07-24 14:43:28', 'Persepsi'),
(157, 10, 5, 12, 'CP', '21072402413512', '2021-07-24 14:43:28', 'Persepsi'),
(158, 11, 5, 12, 'P', '21072402413512', '2021-07-24 14:43:28', 'Persepsi'),
(159, 27, 5, 12, 'SP', '21072402413512', '2021-07-24 14:43:28', 'Persepsi'),
(160, 28, 5, 12, 'P', '21072402413512', '2021-07-24 14:43:28', 'Persepsi'),
(161, 1, 1, 13, 'CPG', '21072402501313', '2021-07-24 14:50:13', 'Harapan'),
(162, 15, 1, 13, 'PG', '21072402501313', '2021-07-24 14:50:13', 'Harapan'),
(163, 19, 1, 13, 'CPG', '21072402501313', '2021-07-24 14:50:13', 'Harapan'),
(164, 20, 1, 13, 'PG', '21072402501313', '2021-07-24 14:50:13', 'Harapan'),
(165, 4, 2, 13, 'PG', '21072402501313', '2021-07-24 14:50:13', 'Harapan'),
(166, 5, 2, 13, 'CPG', '21072402501313', '2021-07-24 14:50:13', 'Harapan'),
(167, 21, 2, 13, 'CPG', '21072402501313', '2021-07-24 14:50:13', 'Harapan'),
(168, 22, 2, 13, 'PG', '21072402501313', '2021-07-24 14:50:13', 'Harapan'),
(169, 6, 3, 13, 'KPG', '21072402501313', '2021-07-24 14:50:13', 'Harapan'),
(170, 7, 3, 13, 'CPG', '21072402501313', '2021-07-24 14:50:13', 'Harapan'),
(171, 23, 3, 13, 'CPG', '21072402501313', '2021-07-24 14:50:13', 'Harapan'),
(172, 24, 3, 13, 'SPG', '21072402501313', '2021-07-24 14:50:13', 'Harapan'),
(173, 8, 4, 13, 'CPG', '21072402501313', '2021-07-24 14:50:14', 'Harapan'),
(174, 9, 4, 13, 'CPG', '21072402501313', '2021-07-24 14:50:14', 'Harapan'),
(175, 25, 4, 13, 'PG', '21072402501313', '2021-07-24 14:50:14', 'Harapan'),
(176, 26, 4, 13, 'CPG', '21072402501313', '2021-07-24 14:50:14', 'Harapan'),
(177, 10, 5, 13, 'CPG', '21072402501313', '2021-07-24 14:50:14', 'Harapan'),
(178, 11, 5, 13, 'CPG', '21072402501313', '2021-07-24 14:50:14', 'Harapan'),
(179, 27, 5, 13, 'PG', '21072402501313', '2021-07-24 14:50:14', 'Harapan'),
(180, 28, 5, 13, 'SPG', '21072402501313', '2021-07-24 14:50:15', 'Harapan'),
(181, 1, 1, 13, 'P', '21072402501313', '2021-07-24 14:52:28', 'Persepsi'),
(182, 15, 1, 13, 'P', '21072402501313', '2021-07-24 14:52:28', 'Persepsi'),
(183, 19, 1, 13, 'SP', '21072402501313', '2021-07-24 14:52:28', 'Persepsi'),
(184, 20, 1, 13, 'P', '21072402501313', '2021-07-24 14:52:28', 'Persepsi'),
(185, 4, 2, 13, 'CP', '21072402501313', '2021-07-24 14:52:28', 'Persepsi'),
(186, 5, 2, 13, 'P', '21072402501313', '2021-07-24 14:52:28', 'Persepsi'),
(187, 21, 2, 13, 'P', '21072402501313', '2021-07-24 14:52:28', 'Persepsi'),
(188, 22, 2, 13, 'P', '21072402501313', '2021-07-24 14:52:28', 'Persepsi'),
(189, 6, 3, 13, 'SP', '21072402501313', '2021-07-24 14:52:28', 'Persepsi'),
(190, 7, 3, 13, 'CP', '21072402501313', '2021-07-24 14:52:28', 'Persepsi'),
(191, 23, 3, 13, 'P', '21072402501313', '2021-07-24 14:52:28', 'Persepsi'),
(192, 24, 3, 13, 'SP', '21072402501313', '2021-07-24 14:52:28', 'Persepsi'),
(193, 8, 4, 13, 'P', '21072402501313', '2021-07-24 14:52:29', 'Persepsi'),
(194, 9, 4, 13, 'P', '21072402501313', '2021-07-24 14:52:29', 'Persepsi'),
(195, 25, 4, 13, 'SP', '21072402501313', '2021-07-24 14:52:29', 'Persepsi'),
(196, 26, 4, 13, 'P', '21072402501313', '2021-07-24 14:52:29', 'Persepsi'),
(197, 10, 5, 13, 'CP', '21072402501313', '2021-07-24 14:52:29', 'Persepsi'),
(198, 11, 5, 13, 'P', '21072402501313', '2021-07-24 14:52:29', 'Persepsi'),
(199, 27, 5, 13, 'SP', '21072402501313', '2021-07-24 14:52:29', 'Persepsi'),
(200, 28, 5, 13, 'P', '21072402501313', '2021-07-24 14:52:29', 'Persepsi'),
(201, 1, 1, 14, 'CPG', '21072402580814', '2021-07-24 14:58:08', 'Harapan'),
(202, 15, 1, 14, 'PG', '21072402580814', '2021-07-24 14:58:08', 'Harapan'),
(203, 19, 1, 14, 'CPG', '21072402580814', '2021-07-24 14:58:08', 'Harapan'),
(204, 20, 1, 14, 'PG', '21072402580814', '2021-07-24 14:58:08', 'Harapan'),
(205, 4, 2, 14, 'PG', '21072402580814', '2021-07-24 14:58:08', 'Harapan'),
(206, 5, 2, 14, 'CPG', '21072402580814', '2021-07-24 14:58:08', 'Harapan'),
(207, 21, 2, 14, 'CPG', '21072402580814', '2021-07-24 14:58:08', 'Harapan'),
(208, 22, 2, 14, 'CPG', '21072402580814', '2021-07-24 14:58:08', 'Harapan'),
(209, 6, 3, 14, 'PG', '21072402580814', '2021-07-24 14:58:08', 'Harapan'),
(210, 7, 3, 14, 'PG', '21072402580814', '2021-07-24 14:58:08', 'Harapan'),
(211, 23, 3, 14, 'CPG', '21072402580814', '2021-07-24 14:58:08', 'Harapan'),
(212, 24, 3, 14, 'CPG', '21072402580814', '2021-07-24 14:58:08', 'Harapan'),
(213, 8, 4, 14, 'PG', '21072402580814', '2021-07-24 14:58:09', 'Harapan'),
(214, 9, 4, 14, 'SPG', '21072402580814', '2021-07-24 14:58:09', 'Harapan'),
(215, 25, 4, 14, 'SPG', '21072402580814', '2021-07-24 14:58:09', 'Harapan'),
(216, 26, 4, 14, 'PG', '21072402580814', '2021-07-24 14:58:09', 'Harapan'),
(217, 10, 5, 14, 'CPG', '21072402580814', '2021-07-24 14:58:09', 'Harapan'),
(218, 11, 5, 14, 'CPG', '21072402580814', '2021-07-24 14:58:09', 'Harapan'),
(219, 27, 5, 14, 'PG', '21072402580814', '2021-07-24 14:58:09', 'Harapan'),
(220, 28, 5, 14, 'CPG', '21072402580814', '2021-07-24 14:58:09', 'Harapan'),
(221, 1, 1, 14, 'CP', '21072402580814', '2021-07-24 14:59:45', 'Persepsi'),
(222, 15, 1, 14, 'P', '21072402580814', '2021-07-24 14:59:45', 'Persepsi'),
(223, 19, 1, 14, 'SP', '21072402580814', '2021-07-24 14:59:45', 'Persepsi'),
(224, 20, 1, 14, 'P', '21072402580814', '2021-07-24 14:59:45', 'Persepsi'),
(225, 4, 2, 14, 'P', '21072402580814', '2021-07-24 14:59:45', 'Persepsi'),
(226, 5, 2, 14, 'P', '21072402580814', '2021-07-24 14:59:45', 'Persepsi'),
(227, 21, 2, 14, 'CP', '21072402580814', '2021-07-24 14:59:45', 'Persepsi'),
(228, 22, 2, 14, 'P', '21072402580814', '2021-07-24 14:59:45', 'Persepsi'),
(229, 6, 3, 14, 'P', '21072402580814', '2021-07-24 14:59:45', 'Persepsi'),
(230, 7, 3, 14, 'P', '21072402580814', '2021-07-24 14:59:46', 'Persepsi'),
(231, 23, 3, 14, 'CP', '21072402580814', '2021-07-24 14:59:46', 'Persepsi'),
(232, 24, 3, 14, 'P', '21072402580814', '2021-07-24 14:59:46', 'Persepsi'),
(233, 8, 4, 14, 'P', '21072402580814', '2021-07-24 14:59:46', 'Persepsi'),
(234, 9, 4, 14, 'P', '21072402580814', '2021-07-24 14:59:46', 'Persepsi'),
(235, 25, 4, 14, 'SP', '21072402580814', '2021-07-24 14:59:46', 'Persepsi'),
(236, 26, 4, 14, 'P', '21072402580814', '2021-07-24 14:59:46', 'Persepsi'),
(237, 10, 5, 14, 'P', '21072402580814', '2021-07-24 14:59:46', 'Persepsi'),
(238, 11, 5, 14, 'P', '21072402580814', '2021-07-24 14:59:46', 'Persepsi'),
(239, 27, 5, 14, 'P', '21072402580814', '2021-07-24 14:59:46', 'Persepsi'),
(240, 28, 5, 14, 'P', '21072402580814', '2021-07-24 14:59:46', 'Persepsi'),
(241, 1, 1, 15, 'CPG', '21072403472215', '2021-07-24 15:47:22', 'Harapan'),
(242, 15, 1, 15, 'CPG', '21072403472215', '2021-07-24 15:47:22', 'Harapan'),
(243, 19, 1, 15, 'PG', '21072403472215', '2021-07-24 15:47:22', 'Harapan'),
(244, 20, 1, 15, 'CPG', '21072403472215', '2021-07-24 15:47:22', 'Harapan'),
(245, 4, 2, 15, 'CPG', '21072403472215', '2021-07-24 15:47:22', 'Harapan'),
(246, 5, 2, 15, 'CPG', '21072403472215', '2021-07-24 15:47:22', 'Harapan'),
(247, 21, 2, 15, 'CPG', '21072403472215', '2021-07-24 15:47:22', 'Harapan'),
(248, 22, 2, 15, 'PG', '21072403472215', '2021-07-24 15:47:23', 'Harapan'),
(249, 6, 3, 15, 'CPG', '21072403472215', '2021-07-24 15:47:23', 'Harapan'),
(250, 7, 3, 15, 'PG', '21072403472215', '2021-07-24 15:47:23', 'Harapan'),
(251, 23, 3, 15, 'PG', '21072403472215', '2021-07-24 15:47:23', 'Harapan'),
(252, 24, 3, 15, 'CPG', '21072403472215', '2021-07-24 15:47:23', 'Harapan'),
(253, 8, 4, 15, 'CPG', '21072403472215', '2021-07-24 15:47:23', 'Harapan'),
(254, 9, 4, 15, 'PG', '21072403472215', '2021-07-24 15:47:23', 'Harapan'),
(255, 25, 4, 15, 'CPG', '21072403472215', '2021-07-24 15:47:23', 'Harapan'),
(256, 26, 4, 15, 'PG', '21072403472215', '2021-07-24 15:47:23', 'Harapan'),
(257, 10, 5, 15, 'KPG', '21072403472215', '2021-07-24 15:47:23', 'Harapan'),
(258, 11, 5, 15, 'CPG', '21072403472215', '2021-07-24 15:47:24', 'Harapan'),
(259, 27, 5, 15, 'PG', '21072403472215', '2021-07-24 15:47:24', 'Harapan'),
(260, 28, 5, 15, 'PG', '21072403472215', '2021-07-24 15:47:24', 'Harapan'),
(261, 1, 1, 15, 'P', '21072403472215', '2021-07-24 15:51:53', 'Persepsi'),
(262, 15, 1, 15, 'KP', '21072403472215', '2021-07-24 15:51:53', 'Persepsi'),
(263, 19, 1, 15, 'P', '21072403472215', '2021-07-24 15:51:53', 'Persepsi'),
(264, 20, 1, 15, 'CP', '21072403472215', '2021-07-24 15:51:53', 'Persepsi'),
(265, 4, 2, 15, 'CP', '21072403472215', '2021-07-24 15:51:53', 'Persepsi'),
(266, 5, 2, 15, 'P', '21072403472215', '2021-07-24 15:51:53', 'Persepsi'),
(267, 21, 2, 15, 'CP', '21072403472215', '2021-07-24 15:51:53', 'Persepsi'),
(268, 22, 2, 15, 'CP', '21072403472215', '2021-07-24 15:51:53', 'Persepsi'),
(269, 6, 3, 15, 'CP', '21072403472215', '2021-07-24 15:51:53', 'Persepsi'),
(270, 7, 3, 15, 'P', '21072403472215', '2021-07-24 15:51:53', 'Persepsi'),
(271, 23, 3, 15, 'P', '21072403472215', '2021-07-24 15:51:53', 'Persepsi'),
(272, 24, 3, 15, 'CP', '21072403472215', '2021-07-24 15:51:54', 'Persepsi'),
(273, 8, 4, 15, 'CP', '21072403472215', '2021-07-24 15:51:54', 'Persepsi'),
(274, 9, 4, 15, 'P', '21072403472215', '2021-07-24 15:51:54', 'Persepsi'),
(275, 25, 4, 15, 'P', '21072403472215', '2021-07-24 15:51:54', 'Persepsi'),
(276, 26, 4, 15, 'CP', '21072403472215', '2021-07-24 15:51:54', 'Persepsi'),
(277, 10, 5, 15, 'CP', '21072403472215', '2021-07-24 15:51:54', 'Persepsi'),
(278, 11, 5, 15, 'P', '21072403472215', '2021-07-24 15:51:54', 'Persepsi'),
(279, 27, 5, 15, 'CP', '21072403472215', '2021-07-24 15:51:54', 'Persepsi'),
(280, 28, 5, 15, 'CP', '21072403472215', '2021-07-24 15:51:55', 'Persepsi'),
(281, 1, 1, 16, 'CPG', '21072905390216', '2021-07-29 17:39:02', 'Harapan'),
(282, 15, 1, 16, 'CPG', '21072905390216', '2021-07-29 17:39:02', 'Harapan'),
(283, 19, 1, 16, 'PG', '21072905390216', '2021-07-29 17:39:02', 'Harapan'),
(284, 20, 1, 16, 'PG', '21072905390216', '2021-07-29 17:39:02', 'Harapan'),
(285, 4, 2, 16, 'CPG', '21072905390216', '2021-07-29 17:39:02', 'Harapan'),
(286, 5, 2, 16, 'PG', '21072905390216', '2021-07-29 17:39:02', 'Harapan'),
(287, 21, 2, 16, 'CPG', '21072905390216', '2021-07-29 17:39:02', 'Harapan'),
(288, 22, 2, 16, 'PG', '21072905390216', '2021-07-29 17:39:02', 'Harapan'),
(289, 6, 3, 16, 'CPG', '21072905390216', '2021-07-29 17:39:02', 'Harapan'),
(290, 7, 3, 16, 'PG', '21072905390216', '2021-07-29 17:39:03', 'Harapan'),
(291, 23, 3, 16, 'PG', '21072905390216', '2021-07-29 17:39:03', 'Harapan'),
(292, 24, 3, 16, 'PG', '21072905390216', '2021-07-29 17:39:03', 'Harapan'),
(293, 8, 4, 16, 'CPG', '21072905390216', '2021-07-29 17:39:03', 'Harapan'),
(294, 9, 4, 16, 'PG', '21072905390216', '2021-07-29 17:39:03', 'Harapan'),
(295, 25, 4, 16, 'CPG', '21072905390216', '2021-07-29 17:39:03', 'Harapan'),
(296, 26, 4, 16, 'CPG', '21072905390216', '2021-07-29 17:39:03', 'Harapan'),
(297, 10, 5, 16, 'CPG', '21072905390216', '2021-07-29 17:39:03', 'Harapan'),
(298, 11, 5, 16, 'CPG', '21072905390216', '2021-07-29 17:39:03', 'Harapan'),
(299, 27, 5, 16, 'CPG', '21072905390216', '2021-07-29 17:39:03', 'Harapan'),
(300, 28, 5, 16, 'PG', '21072905390216', '2021-07-29 17:39:03', 'Harapan'),
(301, 1, 1, 16, 'CP', '21072905390216', '2021-07-29 17:40:47', 'Persepsi'),
(302, 15, 1, 16, 'CP', '21072905390216', '2021-07-29 17:40:47', 'Persepsi'),
(303, 19, 1, 16, 'KP', '21072905390216', '2021-07-29 17:40:47', 'Persepsi'),
(304, 20, 1, 16, 'P', '21072905390216', '2021-07-29 17:40:47', 'Persepsi'),
(305, 4, 2, 16, 'SP', '21072905390216', '2021-07-29 17:40:47', 'Persepsi'),
(306, 5, 2, 16, 'P', '21072905390216', '2021-07-29 17:40:47', 'Persepsi'),
(307, 21, 2, 16, 'P', '21072905390216', '2021-07-29 17:40:47', 'Persepsi'),
(308, 22, 2, 16, 'CP', '21072905390216', '2021-07-29 17:40:47', 'Persepsi'),
(309, 6, 3, 16, 'CP', '21072905390216', '2021-07-29 17:40:47', 'Persepsi'),
(310, 7, 3, 16, 'P', '21072905390216', '2021-07-29 17:40:47', 'Persepsi'),
(311, 23, 3, 16, 'SP', '21072905390216', '2021-07-29 17:40:47', 'Persepsi'),
(312, 24, 3, 16, 'P', '21072905390216', '2021-07-29 17:40:48', 'Persepsi'),
(313, 8, 4, 16, 'P', '21072905390216', '2021-07-29 17:40:48', 'Persepsi'),
(314, 9, 4, 16, 'P', '21072905390216', '2021-07-29 17:40:48', 'Persepsi'),
(315, 25, 4, 16, 'SP', '21072905390216', '2021-07-29 17:40:48', 'Persepsi'),
(316, 26, 4, 16, 'SP', '21072905390216', '2021-07-29 17:40:48', 'Persepsi'),
(317, 10, 5, 16, 'CP', '21072905390216', '2021-07-29 17:40:48', 'Persepsi'),
(318, 11, 5, 16, 'P', '21072905390216', '2021-07-29 17:40:48', 'Persepsi'),
(319, 27, 5, 16, 'P', '21072905390216', '2021-07-29 17:40:48', 'Persepsi'),
(320, 28, 5, 16, 'CP', '21072905390216', '2021-07-29 17:40:48', 'Persepsi'),
(321, 1, 1, 17, 'PG', '21072905462917', '2021-07-29 17:46:29', 'Harapan'),
(322, 15, 1, 17, 'SPG', '21072905462917', '2021-07-29 17:46:29', 'Harapan'),
(323, 19, 1, 17, 'SPG', '21072905462917', '2021-07-29 17:46:29', 'Harapan'),
(324, 20, 1, 17, 'CPG', '21072905462917', '2021-07-29 17:46:29', 'Harapan'),
(325, 4, 2, 17, 'CPG', '21072905462917', '2021-07-29 17:46:29', 'Harapan'),
(326, 5, 2, 17, 'PG', '21072905462917', '2021-07-29 17:46:30', 'Harapan'),
(327, 21, 2, 17, 'PG', '21072905462917', '2021-07-29 17:46:30', 'Harapan'),
(328, 22, 2, 17, 'CPG', '21072905462917', '2021-07-29 17:46:30', 'Harapan'),
(329, 6, 3, 17, 'CPG', '21072905462917', '2021-07-29 17:46:30', 'Harapan'),
(330, 7, 3, 17, 'CPG', '21072905462917', '2021-07-29 17:46:30', 'Harapan'),
(331, 23, 3, 17, 'SPG', '21072905462917', '2021-07-29 17:46:30', 'Harapan'),
(332, 24, 3, 17, 'PG', '21072905462917', '2021-07-29 17:46:30', 'Harapan'),
(333, 8, 4, 17, 'CPG', '21072905462917', '2021-07-29 17:46:30', 'Harapan'),
(334, 9, 4, 17, 'CPG', '21072905462917', '2021-07-29 17:46:30', 'Harapan'),
(335, 25, 4, 17, 'CPG', '21072905462917', '2021-07-29 17:46:30', 'Harapan'),
(336, 26, 4, 17, 'PG', '21072905462917', '2021-07-29 17:46:30', 'Harapan'),
(337, 10, 5, 17, 'CPG', '21072905462917', '2021-07-29 17:46:30', 'Harapan'),
(338, 11, 5, 17, 'PG', '21072905462917', '2021-07-29 17:46:31', 'Harapan'),
(339, 27, 5, 17, 'CPG', '21072905462917', '2021-07-29 17:46:31', 'Harapan'),
(340, 28, 5, 17, 'CPG', '21072905462917', '2021-07-29 17:46:31', 'Harapan'),
(341, 1, 1, 17, 'P', '21072905462917', '2021-07-29 17:47:46', 'Persepsi'),
(342, 15, 1, 17, 'SP', '21072905462917', '2021-07-29 17:47:47', 'Persepsi'),
(343, 19, 1, 17, 'SP', '21072905462917', '2021-07-29 17:47:47', 'Persepsi'),
(344, 20, 1, 17, 'P', '21072905462917', '2021-07-29 17:47:47', 'Persepsi'),
(345, 4, 2, 17, 'CP', '21072905462917', '2021-07-29 17:47:47', 'Persepsi'),
(346, 5, 2, 17, 'CP', '21072905462917', '2021-07-29 17:47:47', 'Persepsi'),
(347, 21, 2, 17, 'P', '21072905462917', '2021-07-29 17:47:47', 'Persepsi'),
(348, 22, 2, 17, 'SP', '21072905462917', '2021-07-29 17:47:47', 'Persepsi'),
(349, 6, 3, 17, 'SP', '21072905462917', '2021-07-29 17:47:47', 'Persepsi'),
(350, 7, 3, 17, 'P', '21072905462917', '2021-07-29 17:47:47', 'Persepsi'),
(351, 23, 3, 17, 'SP', '21072905462917', '2021-07-29 17:47:47', 'Persepsi'),
(352, 24, 3, 17, 'SP', '21072905462917', '2021-07-29 17:47:47', 'Persepsi'),
(353, 8, 4, 17, 'P', '21072905462917', '2021-07-29 17:47:47', 'Persepsi'),
(354, 9, 4, 17, 'CP', '21072905462917', '2021-07-29 17:47:47', 'Persepsi'),
(355, 25, 4, 17, 'P', '21072905462917', '2021-07-29 17:47:47', 'Persepsi'),
(356, 26, 4, 17, 'P', '21072905462917', '2021-07-29 17:47:47', 'Persepsi'),
(357, 10, 5, 17, 'CP', '21072905462917', '2021-07-29 17:47:47', 'Persepsi'),
(358, 11, 5, 17, 'P', '21072905462917', '2021-07-29 17:47:47', 'Persepsi'),
(359, 27, 5, 17, 'SP', '21072905462917', '2021-07-29 17:47:48', 'Persepsi'),
(360, 28, 5, 17, 'P', '21072905462917', '2021-07-29 17:47:48', 'Persepsi'),
(361, 1, 1, 18, 'PG', '21072905524618', '2021-07-29 17:52:46', 'Harapan'),
(362, 15, 1, 18, 'PG', '21072905524618', '2021-07-29 17:52:46', 'Harapan'),
(363, 19, 1, 18, 'CPG', '21072905524618', '2021-07-29 17:52:46', 'Harapan'),
(364, 20, 1, 18, 'PG', '21072905524618', '2021-07-29 17:52:47', 'Harapan'),
(365, 4, 2, 18, 'CPG', '21072905524618', '2021-07-29 17:52:47', 'Harapan'),
(366, 5, 2, 18, 'PG', '21072905524618', '2021-07-29 17:52:47', 'Harapan'),
(367, 21, 2, 18, 'CPG', '21072905524618', '2021-07-29 17:52:47', 'Harapan'),
(368, 22, 2, 18, 'CPG', '21072905524618', '2021-07-29 17:52:47', 'Harapan'),
(369, 6, 3, 18, 'CPG', '21072905524618', '2021-07-29 17:52:47', 'Harapan'),
(370, 7, 3, 18, 'CPG', '21072905524618', '2021-07-29 17:52:47', 'Harapan'),
(371, 23, 3, 18, 'CPG', '21072905524618', '2021-07-29 17:52:47', 'Harapan'),
(372, 24, 3, 18, 'PG', '21072905524618', '2021-07-29 17:52:47', 'Harapan'),
(373, 8, 4, 18, 'CPG', '21072905524618', '2021-07-29 17:52:47', 'Harapan'),
(374, 9, 4, 18, 'CPG', '21072905524618', '2021-07-29 17:52:47', 'Harapan'),
(375, 25, 4, 18, 'CPG', '21072905524618', '2021-07-29 17:52:47', 'Harapan'),
(376, 26, 4, 18, 'CPG', '21072905524618', '2021-07-29 17:52:47', 'Harapan'),
(377, 10, 5, 18, 'PG', '21072905524618', '2021-07-29 17:52:47', 'Harapan'),
(378, 11, 5, 18, 'PG', '21072905524618', '2021-07-29 17:52:47', 'Harapan'),
(379, 27, 5, 18, 'PG', '21072905524618', '2021-07-29 17:52:47', 'Harapan'),
(380, 28, 5, 18, 'PG', '21072905524618', '2021-07-29 17:52:47', 'Harapan'),
(381, 1, 1, 18, 'CP', '21072905524618', '2021-07-29 17:55:58', 'Persepsi'),
(382, 15, 1, 18, 'CP', '21072905524618', '2021-07-29 17:55:58', 'Persepsi'),
(383, 19, 1, 18, 'P', '21072905524618', '2021-07-29 17:55:58', 'Persepsi'),
(384, 20, 1, 18, 'P', '21072905524618', '2021-07-29 17:55:58', 'Persepsi'),
(385, 4, 2, 18, 'CP', '21072905524618', '2021-07-29 17:55:58', 'Persepsi'),
(386, 5, 2, 18, 'P', '21072905524618', '2021-07-29 17:55:59', 'Persepsi'),
(387, 21, 2, 18, 'SP', '21072905524618', '2021-07-29 17:55:59', 'Persepsi'),
(388, 22, 2, 18, 'P', '21072905524618', '2021-07-29 17:55:59', 'Persepsi'),
(389, 6, 3, 18, 'SP', '21072905524618', '2021-07-29 17:55:59', 'Persepsi'),
(390, 7, 3, 18, 'P', '21072905524618', '2021-07-29 17:55:59', 'Persepsi'),
(391, 23, 3, 18, 'P', '21072905524618', '2021-07-29 17:55:59', 'Persepsi'),
(392, 24, 3, 18, 'SP', '21072905524618', '2021-07-29 17:55:59', 'Persepsi'),
(393, 8, 4, 18, 'CP', '21072905524618', '2021-07-29 17:55:59', 'Persepsi'),
(394, 9, 4, 18, 'CP', '21072905524618', '2021-07-29 17:55:59', 'Persepsi'),
(395, 25, 4, 18, 'P', '21072905524618', '2021-07-29 17:55:59', 'Persepsi'),
(396, 26, 4, 18, 'SP', '21072905524618', '2021-07-29 17:56:00', 'Persepsi'),
(397, 10, 5, 18, 'SP', '21072905524618', '2021-07-29 17:56:00', 'Persepsi'),
(398, 11, 5, 18, 'P', '21072905524618', '2021-07-29 17:56:00', 'Persepsi'),
(399, 27, 5, 18, 'P', '21072905524618', '2021-07-29 17:56:00', 'Persepsi'),
(400, 28, 5, 18, 'CP', '21072905524618', '2021-07-29 17:56:00', 'Persepsi'),
(401, 1, 1, 19, 'CPG', '21072908331319', '2021-07-29 20:33:13', 'Harapan'),
(402, 15, 1, 19, 'CPG', '21072908331319', '2021-07-29 20:33:13', 'Harapan'),
(403, 19, 1, 19, 'CPG', '21072908331319', '2021-07-29 20:33:13', 'Harapan'),
(404, 20, 1, 19, 'CPG', '21072908331319', '2021-07-29 20:33:13', 'Harapan'),
(405, 4, 2, 19, 'PG', '21072908331319', '2021-07-29 20:33:13', 'Harapan'),
(406, 5, 2, 19, 'PG', '21072908331319', '2021-07-29 20:33:13', 'Harapan'),
(407, 21, 2, 19, 'PG', '21072908331319', '2021-07-29 20:33:13', 'Harapan'),
(408, 22, 2, 19, 'CPG', '21072908331319', '2021-07-29 20:33:13', 'Harapan'),
(409, 6, 3, 19, 'PG', '21072908331319', '2021-07-29 20:33:13', 'Harapan'),
(410, 7, 3, 19, 'CPG', '21072908331319', '2021-07-29 20:33:13', 'Harapan'),
(411, 23, 3, 19, 'PG', '21072908331319', '2021-07-29 20:33:14', 'Harapan'),
(412, 24, 3, 19, 'PG', '21072908331319', '2021-07-29 20:33:14', 'Harapan'),
(413, 8, 4, 19, 'CPG', '21072908331319', '2021-07-29 20:33:14', 'Harapan'),
(414, 9, 4, 19, 'CPG', '21072908331319', '2021-07-29 20:33:14', 'Harapan'),
(415, 25, 4, 19, 'CPG', '21072908331319', '2021-07-29 20:33:14', 'Harapan'),
(416, 26, 4, 19, 'PG', '21072908331319', '2021-07-29 20:33:14', 'Harapan'),
(417, 10, 5, 19, 'CPG', '21072908331319', '2021-07-29 20:33:14', 'Harapan'),
(418, 11, 5, 19, 'CPG', '21072908331319', '2021-07-29 20:33:14', 'Harapan'),
(419, 27, 5, 19, 'CPG', '21072908331319', '2021-07-29 20:33:14', 'Harapan'),
(420, 28, 5, 19, 'CPG', '21072908331319', '2021-07-29 20:33:14', 'Harapan'),
(421, 1, 1, 19, 'P', '21072908331319', '2021-07-29 20:34:40', 'Persepsi'),
(422, 15, 1, 19, 'P', '21072908331319', '2021-07-29 20:34:40', 'Persepsi'),
(423, 19, 1, 19, 'SP', '21072908331319', '2021-07-29 20:34:40', 'Persepsi'),
(424, 20, 1, 19, 'P', '21072908331319', '2021-07-29 20:34:40', 'Persepsi'),
(425, 4, 2, 19, 'CP', '21072908331319', '2021-07-29 20:34:40', 'Persepsi'),
(426, 5, 2, 19, 'P', '21072908331319', '2021-07-29 20:34:40', 'Persepsi'),
(427, 21, 2, 19, 'CP', '21072908331319', '2021-07-29 20:34:40', 'Persepsi'),
(428, 22, 2, 19, 'P', '21072908331319', '2021-07-29 20:34:40', 'Persepsi'),
(429, 6, 3, 19, 'CP', '21072908331319', '2021-07-29 20:34:40', 'Persepsi'),
(430, 7, 3, 19, 'P', '21072908331319', '2021-07-29 20:34:40', 'Persepsi'),
(431, 23, 3, 19, 'P', '21072908331319', '2021-07-29 20:34:41', 'Persepsi'),
(432, 24, 3, 19, 'P', '21072908331319', '2021-07-29 20:34:41', 'Persepsi'),
(433, 8, 4, 19, 'CP', '21072908331319', '2021-07-29 20:34:41', 'Persepsi'),
(434, 9, 4, 19, 'P', '21072908331319', '2021-07-29 20:34:41', 'Persepsi'),
(435, 25, 4, 19, 'SP', '21072908331319', '2021-07-29 20:34:41', 'Persepsi'),
(436, 26, 4, 19, 'P', '21072908331319', '2021-07-29 20:34:41', 'Persepsi'),
(437, 10, 5, 19, 'CP', '21072908331319', '2021-07-29 20:34:41', 'Persepsi'),
(438, 11, 5, 19, 'P', '21072908331319', '2021-07-29 20:34:41', 'Persepsi'),
(439, 27, 5, 19, 'SP', '21072908331319', '2021-07-29 20:34:41', 'Persepsi'),
(440, 28, 5, 19, 'SP', '21072908331319', '2021-07-29 20:34:41', 'Persepsi'),
(441, 1, 1, 20, 'PG', '21072908421620', '2021-07-29 20:42:16', 'Harapan'),
(442, 15, 1, 20, 'PG', '21072908421620', '2021-07-29 20:42:16', 'Harapan'),
(443, 19, 1, 20, 'PG', '21072908421620', '2021-07-29 20:42:16', 'Harapan'),
(444, 20, 1, 20, 'CPG', '21072908421620', '2021-07-29 20:42:16', 'Harapan'),
(445, 4, 2, 20, 'CPG', '21072908421620', '2021-07-29 20:42:17', 'Harapan'),
(446, 5, 2, 20, 'PG', '21072908421620', '2021-07-29 20:42:17', 'Harapan'),
(447, 21, 2, 20, 'CPG', '21072908421620', '2021-07-29 20:42:17', 'Harapan'),
(448, 22, 2, 20, 'CPG', '21072908421620', '2021-07-29 20:42:17', 'Harapan'),
(449, 6, 3, 20, 'CPG', '21072908421620', '2021-07-29 20:42:17', 'Harapan'),
(450, 7, 3, 20, 'PG', '21072908421620', '2021-07-29 20:42:17', 'Harapan'),
(451, 23, 3, 20, 'CPG', '21072908421620', '2021-07-29 20:42:17', 'Harapan'),
(452, 24, 3, 20, 'PG', '21072908421620', '2021-07-29 20:42:17', 'Harapan'),
(453, 8, 4, 20, 'PG', '21072908421620', '2021-07-29 20:42:17', 'Harapan'),
(454, 9, 4, 20, 'PG', '21072908421620', '2021-07-29 20:42:17', 'Harapan'),
(455, 25, 4, 20, 'CPG', '21072908421620', '2021-07-29 20:42:17', 'Harapan'),
(456, 26, 4, 20, 'PG', '21072908421620', '2021-07-29 20:42:17', 'Harapan'),
(457, 10, 5, 20, 'PG', '21072908421620', '2021-07-29 20:42:17', 'Harapan'),
(458, 11, 5, 20, 'CPG', '21072908421620', '2021-07-29 20:42:18', 'Harapan'),
(459, 27, 5, 20, 'PG', '21072908421620', '2021-07-29 20:42:18', 'Harapan'),
(460, 28, 5, 20, 'PG', '21072908421620', '2021-07-29 20:42:18', 'Harapan'),
(461, 1, 1, 20, 'CP', '21072908421620', '2021-07-29 20:44:39', 'Persepsi'),
(462, 15, 1, 20, 'P', '21072908421620', '2021-07-29 20:44:39', 'Persepsi'),
(463, 19, 1, 20, 'SP', '21072908421620', '2021-07-29 20:44:39', 'Persepsi'),
(464, 20, 1, 20, 'P', '21072908421620', '2021-07-29 20:44:39', 'Persepsi'),
(465, 4, 2, 20, 'P', '21072908421620', '2021-07-29 20:44:39', 'Persepsi'),
(466, 5, 2, 20, 'CP', '21072908421620', '2021-07-29 20:44:39', 'Persepsi'),
(467, 21, 2, 20, 'P', '21072908421620', '2021-07-29 20:44:39', 'Persepsi'),
(468, 22, 2, 20, 'SP', '21072908421620', '2021-07-29 20:44:40', 'Persepsi'),
(469, 6, 3, 20, 'CP', '21072908421620', '2021-07-29 20:44:40', 'Persepsi'),
(470, 7, 3, 20, 'P', '21072908421620', '2021-07-29 20:44:40', 'Persepsi'),
(471, 23, 3, 20, 'P', '21072908421620', '2021-07-29 20:44:40', 'Persepsi'),
(472, 24, 3, 20, 'SP', '21072908421620', '2021-07-29 20:44:40', 'Persepsi'),
(473, 8, 4, 20, 'P', '21072908421620', '2021-07-29 20:44:40', 'Persepsi'),
(474, 9, 4, 20, 'SP', '21072908421620', '2021-07-29 20:44:40', 'Persepsi'),
(475, 25, 4, 20, 'P', '21072908421620', '2021-07-29 20:44:40', 'Persepsi'),
(476, 26, 4, 20, 'P', '21072908421620', '2021-07-29 20:44:40', 'Persepsi'),
(477, 10, 5, 20, 'CP', '21072908421620', '2021-07-29 20:44:40', 'Persepsi'),
(478, 11, 5, 20, 'CP', '21072908421620', '2021-07-29 20:44:40', 'Persepsi'),
(479, 27, 5, 20, 'P', '21072908421620', '2021-07-29 20:44:40', 'Persepsi'),
(480, 28, 5, 20, 'P', '21072908421620', '2021-07-29 20:44:40', 'Persepsi'),
(481, 1, 1, 21, 'PG', '21082506271821', '2021-08-25 18:27:18', 'Harapan'),
(482, 15, 1, 21, 'CPG', '21082506271821', '2021-08-25 18:27:18', 'Harapan'),
(483, 19, 1, 21, 'CPG', '21082506271821', '2021-08-25 18:27:18', 'Harapan'),
(484, 20, 1, 21, 'PG', '21082506271821', '2021-08-25 18:27:18', 'Harapan'),
(485, 4, 2, 21, 'CPG', '21082506271821', '2021-08-25 18:27:18', 'Harapan'),
(486, 5, 2, 21, 'CPG', '21082506271821', '2021-08-25 18:27:18', 'Harapan'),
(487, 21, 2, 21, 'CPG', '21082506271821', '2021-08-25 18:27:19', 'Harapan'),
(488, 22, 2, 21, 'PG', '21082506271821', '2021-08-25 18:27:19', 'Harapan'),
(489, 6, 3, 21, 'CPG', '21082506271821', '2021-08-25 18:27:19', 'Harapan'),
(490, 7, 3, 21, 'PG', '21082506271821', '2021-08-25 18:27:19', 'Harapan'),
(491, 23, 3, 21, 'PG', '21082506271821', '2021-08-25 18:27:19', 'Harapan'),
(492, 24, 3, 21, 'CPG', '21082506271821', '2021-08-25 18:27:19', 'Harapan'),
(493, 8, 4, 21, 'PG', '21082506271821', '2021-08-25 18:27:19', 'Harapan'),
(494, 9, 4, 21, 'PG', '21082506271821', '2021-08-25 18:27:19', 'Harapan'),
(495, 25, 4, 21, 'PG', '21082506271821', '2021-08-25 18:27:19', 'Harapan'),
(496, 26, 4, 21, 'PG', '21082506271821', '2021-08-25 18:27:19', 'Harapan'),
(497, 10, 5, 21, 'PG', '21082506271821', '2021-08-25 18:27:19', 'Harapan'),
(498, 11, 5, 21, 'PG', '21082506271821', '2021-08-25 18:27:19', 'Harapan'),
(499, 27, 5, 21, 'CPG', '21082506271821', '2021-08-25 18:27:19', 'Harapan'),
(500, 28, 5, 21, 'PG', '21082506271821', '2021-08-25 18:27:19', 'Harapan'),
(501, 1, 1, 21, 'CP', '21082506271821', '2021-08-25 18:30:48', 'Persepsi'),
(502, 15, 1, 21, 'P', '21082506271821', '2021-08-25 18:30:48', 'Persepsi'),
(503, 19, 1, 21, 'P', '21082506271821', '2021-08-25 18:30:48', 'Persepsi'),
(504, 20, 1, 21, 'SP', '21082506271821', '2021-08-25 18:30:48', 'Persepsi'),
(505, 4, 2, 21, 'SP', '21082506271821', '2021-08-25 18:30:48', 'Persepsi'),
(506, 5, 2, 21, 'SP', '21082506271821', '2021-08-25 18:30:48', 'Persepsi'),
(507, 21, 2, 21, 'SP', '21082506271821', '2021-08-25 18:30:48', 'Persepsi'),
(508, 22, 2, 21, 'P', '21082506271821', '2021-08-25 18:30:49', 'Persepsi'),
(509, 6, 3, 21, 'P', '21082506271821', '2021-08-25 18:30:49', 'Persepsi'),
(510, 7, 3, 21, 'P', '21082506271821', '2021-08-25 18:30:49', 'Persepsi'),
(511, 23, 3, 21, 'CP', '21082506271821', '2021-08-25 18:30:49', 'Persepsi'),
(512, 24, 3, 21, 'CP', '21082506271821', '2021-08-25 18:30:49', 'Persepsi'),
(513, 8, 4, 21, 'CP', '21082506271821', '2021-08-25 18:30:49', 'Persepsi'),
(514, 9, 4, 21, 'P', '21082506271821', '2021-08-25 18:30:49', 'Persepsi'),
(515, 25, 4, 21, 'P', '21082506271821', '2021-08-25 18:30:49', 'Persepsi'),
(516, 26, 4, 21, 'CP', '21082506271821', '2021-08-25 18:30:49', 'Persepsi'),
(517, 10, 5, 21, 'KP', '21082506271821', '2021-08-25 18:30:49', 'Persepsi'),
(518, 11, 5, 21, 'CP', '21082506271821', '2021-08-25 18:30:49', 'Persepsi'),
(519, 27, 5, 21, 'CP', '21082506271821', '2021-08-25 18:30:50', 'Persepsi'),
(520, 28, 5, 21, 'P', '21082506271821', '2021-08-25 18:30:50', 'Persepsi'),
(521, 1, 1, 22, 'CPG', '21082506545622', '2021-08-25 18:54:56', 'Harapan'),
(522, 15, 1, 22, 'CPG', '21082506545622', '2021-08-25 18:54:56', 'Harapan'),
(523, 19, 1, 22, 'PG', '21082506545622', '2021-08-25 18:54:57', 'Harapan'),
(524, 20, 1, 22, 'CPG', '21082506545622', '2021-08-25 18:54:57', 'Harapan'),
(525, 4, 2, 22, 'PG', '21082506545622', '2021-08-25 18:54:57', 'Harapan'),
(526, 5, 2, 22, 'CPG', '21082506545622', '2021-08-25 18:54:57', 'Harapan'),
(527, 21, 2, 22, 'CPG', '21082506545622', '2021-08-25 18:54:57', 'Harapan'),
(528, 22, 2, 22, 'PG', '21082506545622', '2021-08-25 18:54:57', 'Harapan'),
(529, 6, 3, 22, 'PG', '21082506545622', '2021-08-25 18:54:57', 'Harapan'),
(530, 7, 3, 22, 'PG', '21082506545622', '2021-08-25 18:54:57', 'Harapan'),
(531, 23, 3, 22, 'CPG', '21082506545622', '2021-08-25 18:54:57', 'Harapan'),
(532, 24, 3, 22, 'CPG', '21082506545622', '2021-08-25 18:54:57', 'Harapan'),
(533, 8, 4, 22, 'PG', '21082506545622', '2021-08-25 18:54:57', 'Harapan'),
(534, 9, 4, 22, 'PG', '21082506545622', '2021-08-25 18:54:57', 'Harapan'),
(535, 25, 4, 22, 'PG', '21082506545622', '2021-08-25 18:54:57', 'Harapan'),
(536, 26, 4, 22, 'PG', '21082506545622', '2021-08-25 18:54:57', 'Harapan'),
(537, 10, 5, 22, 'CPG', '21082506545622', '2021-08-25 18:54:57', 'Harapan'),
(538, 11, 5, 22, 'CPG', '21082506545622', '2021-08-25 18:54:57', 'Harapan'),
(539, 27, 5, 22, 'CPG', '21082506545622', '2021-08-25 18:54:58', 'Harapan'),
(540, 28, 5, 22, 'PG', '21082506545622', '2021-08-25 18:54:58', 'Harapan'),
(541, 1, 1, 22, 'P', '21082506545622', '2021-08-25 18:57:38', 'Persepsi'),
(542, 15, 1, 22, 'P', '21082506545622', '2021-08-25 18:57:38', 'Persepsi'),
(543, 19, 1, 22, 'CP', '21082506545622', '2021-08-25 18:57:38', 'Persepsi'),
(544, 20, 1, 22, 'CP', '21082506545622', '2021-08-25 18:57:38', 'Persepsi'),
(545, 4, 2, 22, 'CP', '21082506545622', '2021-08-25 18:57:38', 'Persepsi'),
(546, 5, 2, 22, 'P', '21082506545622', '2021-08-25 18:57:38', 'Persepsi'),
(547, 21, 2, 22, 'P', '21082506545622', '2021-08-25 18:57:38', 'Persepsi'),
(548, 22, 2, 22, 'P', '21082506545622', '2021-08-25 18:57:38', 'Persepsi'),
(549, 6, 3, 22, 'CP', '21082506545622', '2021-08-25 18:57:38', 'Persepsi'),
(550, 7, 3, 22, 'P', '21082506545622', '2021-08-25 18:57:38', 'Persepsi'),
(551, 23, 3, 22, 'P', '21082506545622', '2021-08-25 18:57:38', 'Persepsi'),
(552, 24, 3, 22, 'CP', '21082506545622', '2021-08-25 18:57:38', 'Persepsi'),
(553, 8, 4, 22, 'SP', '21082506545622', '2021-08-25 18:57:38', 'Persepsi'),
(554, 9, 4, 22, 'P', '21082506545622', '2021-08-25 18:57:39', 'Persepsi'),
(555, 25, 4, 22, 'CP', '21082506545622', '2021-08-25 18:57:39', 'Persepsi'),
(556, 26, 4, 22, 'SP', '21082506545622', '2021-08-25 18:57:39', 'Persepsi'),
(557, 10, 5, 22, 'CP', '21082506545622', '2021-08-25 18:57:39', 'Persepsi'),
(558, 11, 5, 22, 'P', '21082506545622', '2021-08-25 18:57:39', 'Persepsi'),
(559, 27, 5, 22, 'SP', '21082506545622', '2021-08-25 18:57:39', 'Persepsi'),
(560, 28, 5, 22, 'P', '21082506545622', '2021-08-25 18:57:39', 'Persepsi'),
(561, 1, 1, 23, 'PG', '21082607062523', '2021-08-26 07:06:25', 'Harapan'),
(562, 15, 1, 23, 'CPG', '21082607062523', '2021-08-26 07:06:25', 'Harapan'),
(563, 19, 1, 23, 'PG', '21082607062523', '2021-08-26 07:06:25', 'Harapan'),
(564, 20, 1, 23, 'CPG', '21082607062523', '2021-08-26 07:06:25', 'Harapan'),
(565, 4, 2, 23, 'CPG', '21082607062523', '2021-08-26 07:06:25', 'Harapan'),
(566, 5, 2, 23, 'CPG', '21082607062523', '2021-08-26 07:06:25', 'Harapan'),
(567, 21, 2, 23, 'CPG', '21082607062523', '2021-08-26 07:06:25', 'Harapan'),
(568, 22, 2, 23, 'PG', '21082607062523', '2021-08-26 07:06:25', 'Harapan'),
(569, 6, 3, 23, 'CPG', '21082607062523', '2021-08-26 07:06:25', 'Harapan'),
(570, 7, 3, 23, 'PG', '21082607062523', '2021-08-26 07:06:25', 'Harapan'),
(571, 23, 3, 23, 'PG', '21082607062523', '2021-08-26 07:06:26', 'Harapan'),
(572, 24, 3, 23, 'PG', '21082607062523', '2021-08-26 07:06:26', 'Harapan'),
(573, 8, 4, 23, 'CPG', '21082607062523', '2021-08-26 07:06:26', 'Harapan'),
(574, 9, 4, 23, 'CPG', '21082607062523', '2021-08-26 07:06:26', 'Harapan'),
(575, 25, 4, 23, 'CPG', '21082607062523', '2021-08-26 07:06:26', 'Harapan'),
(576, 26, 4, 23, 'PG', '21082607062523', '2021-08-26 07:06:26', 'Harapan'),
(577, 10, 5, 23, 'PG', '21082607062523', '2021-08-26 07:06:26', 'Harapan'),
(578, 11, 5, 23, 'PG', '21082607062523', '2021-08-26 07:06:26', 'Harapan'),
(579, 27, 5, 23, 'PG', '21082607062523', '2021-08-26 07:06:26', 'Harapan'),
(580, 28, 5, 23, 'PG', '21082607062523', '2021-08-26 07:06:26', 'Harapan'),
(581, 1, 1, 23, 'P', '21082607062523', '2021-08-26 07:09:12', 'Persepsi'),
(582, 15, 1, 23, 'P', '21082607062523', '2021-08-26 07:09:12', 'Persepsi'),
(583, 19, 1, 23, 'P', '21082607062523', '2021-08-26 07:09:12', 'Persepsi'),
(584, 20, 1, 23, 'CP', '21082607062523', '2021-08-26 07:09:12', 'Persepsi'),
(585, 4, 2, 23, 'P', '21082607062523', '2021-08-26 07:09:12', 'Persepsi'),
(586, 5, 2, 23, 'P', '21082607062523', '2021-08-26 07:09:13', 'Persepsi'),
(587, 21, 2, 23, 'P', '21082607062523', '2021-08-26 07:09:13', 'Persepsi'),
(588, 22, 2, 23, 'SP', '21082607062523', '2021-08-26 07:09:13', 'Persepsi'),
(589, 6, 3, 23, 'P', '21082607062523', '2021-08-26 07:09:13', 'Persepsi'),
(590, 7, 3, 23, 'P', '21082607062523', '2021-08-26 07:09:13', 'Persepsi'),
(591, 23, 3, 23, 'SP', '21082607062523', '2021-08-26 07:09:13', 'Persepsi'),
(592, 24, 3, 23, 'SP', '21082607062523', '2021-08-26 07:09:13', 'Persepsi'),
(593, 8, 4, 23, 'CP', '21082607062523', '2021-08-26 07:09:13', 'Persepsi'),
(594, 9, 4, 23, 'P', '21082607062523', '2021-08-26 07:09:13', 'Persepsi'),
(595, 25, 4, 23, 'CP', '21082607062523', '2021-08-26 07:09:13', 'Persepsi'),
(596, 26, 4, 23, 'P', '21082607062523', '2021-08-26 07:09:13', 'Persepsi'),
(597, 10, 5, 23, 'P', '21082607062523', '2021-08-26 07:09:14', 'Persepsi'),
(598, 11, 5, 23, 'SP', '21082607062523', '2021-08-26 07:09:14', 'Persepsi'),
(599, 27, 5, 23, 'P', '21082607062523', '2021-08-26 07:09:14', 'Persepsi'),
(600, 28, 5, 23, 'SP', '21082607062523', '2021-08-26 07:09:14', 'Persepsi'),
(601, 1, 1, 24, 'CPG', '21082607254724', '2021-08-26 07:25:47', 'Harapan'),
(602, 15, 1, 24, 'CPG', '21082607254724', '2021-08-26 07:25:47', 'Harapan'),
(603, 19, 1, 24, 'PG', '21082607254724', '2021-08-26 07:25:47', 'Harapan'),
(604, 20, 1, 24, 'CPG', '21082607254724', '2021-08-26 07:25:47', 'Harapan'),
(605, 4, 2, 24, 'PG', '21082607254724', '2021-08-26 07:25:47', 'Harapan'),
(606, 5, 2, 24, 'SPG', '21082607254724', '2021-08-26 07:25:47', 'Harapan'),
(607, 21, 2, 24, 'PG', '21082607254724', '2021-08-26 07:25:47', 'Harapan'),
(608, 22, 2, 24, 'CPG', '21082607254724', '2021-08-26 07:25:48', 'Harapan'),
(609, 6, 3, 24, 'CPG', '21082607254724', '2021-08-26 07:25:48', 'Harapan'),
(610, 7, 3, 24, 'PG', '21082607254724', '2021-08-26 07:25:48', 'Harapan'),
(611, 23, 3, 24, 'SPG', '21082607254724', '2021-08-26 07:25:48', 'Harapan'),
(612, 24, 3, 24, 'PG', '21082607254724', '2021-08-26 07:25:48', 'Harapan'),
(613, 8, 4, 24, 'PG', '21082607254724', '2021-08-26 07:25:48', 'Harapan'),
(614, 9, 4, 24, 'PG', '21082607254724', '2021-08-26 07:25:48', 'Harapan'),
(615, 25, 4, 24, 'SPG', '21082607254724', '2021-08-26 07:25:48', 'Harapan'),
(616, 26, 4, 24, 'PG', '21082607254724', '2021-08-26 07:25:48', 'Harapan'),
(617, 10, 5, 24, 'CPG', '21082607254724', '2021-08-26 07:25:48', 'Harapan'),
(618, 11, 5, 24, 'PG', '21082607254724', '2021-08-26 07:25:48', 'Harapan'),
(619, 27, 5, 24, 'SPG', '21082607254724', '2021-08-26 07:25:48', 'Harapan'),
(620, 28, 5, 24, 'SPG', '21082607254724', '2021-08-26 07:25:48', 'Harapan'),
(621, 1, 1, 24, 'CP', '21082607254724', '2021-08-26 07:27:20', 'Persepsi'),
(622, 15, 1, 24, 'P', '21082607254724', '2021-08-26 07:27:20', 'Persepsi'),
(623, 19, 1, 24, 'P', '21082607254724', '2021-08-26 07:27:20', 'Persepsi'),
(624, 20, 1, 24, 'SP', '21082607254724', '2021-08-26 07:27:20', 'Persepsi'),
(625, 4, 2, 24, 'P', '21082607254724', '2021-08-26 07:27:20', 'Persepsi'),
(626, 5, 2, 24, 'CP', '21082607254724', '2021-08-26 07:27:20', 'Persepsi'),
(627, 21, 2, 24, 'P', '21082607254724', '2021-08-26 07:27:20', 'Persepsi'),
(628, 22, 2, 24, 'CP', '21082607254724', '2021-08-26 07:27:20', 'Persepsi'),
(629, 6, 3, 24, 'CP', '21082607254724', '2021-08-26 07:27:21', 'Persepsi'),
(630, 7, 3, 24, 'P', '21082607254724', '2021-08-26 07:27:21', 'Persepsi'),
(631, 23, 3, 24, 'P', '21082607254724', '2021-08-26 07:27:21', 'Persepsi'),
(632, 24, 3, 24, 'P', '21082607254724', '2021-08-26 07:27:21', 'Persepsi'),
(633, 8, 4, 24, 'SP', '21082607254724', '2021-08-26 07:27:21', 'Persepsi'),
(634, 9, 4, 24, 'P', '21082607254724', '2021-08-26 07:27:21', 'Persepsi'),
(635, 25, 4, 24, 'SP', '21082607254724', '2021-08-26 07:27:21', 'Persepsi'),
(636, 26, 4, 24, 'P', '21082607254724', '2021-08-26 07:27:21', 'Persepsi'),
(637, 10, 5, 24, 'SP', '21082607254724', '2021-08-26 07:27:21', 'Persepsi'),
(638, 11, 5, 24, 'SP', '21082607254724', '2021-08-26 07:27:22', 'Persepsi'),
(639, 27, 5, 24, 'P', '21082607254724', '2021-08-26 07:27:22', 'Persepsi'),
(640, 28, 5, 24, 'P', '21082607254724', '2021-08-26 07:27:22', 'Persepsi'),
(641, 1, 1, 25, 'CPG', '21082607405325', '2021-08-26 07:40:53', 'Harapan'),
(642, 15, 1, 25, 'PG', '21082607405325', '2021-08-26 07:40:53', 'Harapan'),
(643, 19, 1, 25, 'PG', '21082607405325', '2021-08-26 07:40:53', 'Harapan'),
(644, 20, 1, 25, 'PG', '21082607405325', '2021-08-26 07:40:53', 'Harapan'),
(645, 4, 2, 25, 'CPG', '21082607405325', '2021-08-26 07:40:53', 'Harapan'),
(646, 5, 2, 25, 'CPG', '21082607405325', '2021-08-26 07:40:53', 'Harapan'),
(647, 21, 2, 25, 'CPG', '21082607405325', '2021-08-26 07:40:53', 'Harapan'),
(648, 22, 2, 25, 'PG', '21082607405325', '2021-08-26 07:40:53', 'Harapan'),
(649, 6, 3, 25, 'PG', '21082607405325', '2021-08-26 07:40:53', 'Harapan'),
(650, 7, 3, 25, 'CPG', '21082607405325', '2021-08-26 07:40:53', 'Harapan'),
(651, 23, 3, 25, 'CPG', '21082607405325', '2021-08-26 07:40:54', 'Harapan'),
(652, 24, 3, 25, 'CPG', '21082607405325', '2021-08-26 07:40:54', 'Harapan'),
(653, 8, 4, 25, 'PG', '21082607405325', '2021-08-26 07:40:54', 'Harapan'),
(654, 9, 4, 25, 'SPG', '21082607405325', '2021-08-26 07:40:54', 'Harapan'),
(655, 25, 4, 25, 'SPG', '21082607405325', '2021-08-26 07:40:54', 'Harapan'),
(656, 26, 4, 25, 'PG', '21082607405325', '2021-08-26 07:40:54', 'Harapan'),
(657, 10, 5, 25, 'PG', '21082607405325', '2021-08-26 07:40:54', 'Harapan'),
(658, 11, 5, 25, 'PG', '21082607405325', '2021-08-26 07:40:54', 'Harapan'),
(659, 27, 5, 25, 'CPG', '21082607405325', '2021-08-26 07:40:54', 'Harapan'),
(660, 28, 5, 25, 'CPG', '21082607405325', '2021-08-26 07:40:54', 'Harapan'),
(661, 1, 1, 25, 'P', '21082607405325', '2021-08-26 07:43:18', 'Persepsi'),
(662, 15, 1, 25, 'SP', '21082607405325', '2021-08-26 07:43:18', 'Persepsi'),
(663, 19, 1, 25, 'SP', '21082607405325', '2021-08-26 07:43:18', 'Persepsi'),
(664, 20, 1, 25, 'P', '21082607405325', '2021-08-26 07:43:18', 'Persepsi'),
(665, 4, 2, 25, 'P', '21082607405325', '2021-08-26 07:43:19', 'Persepsi'),
(666, 5, 2, 25, 'P', '21082607405325', '2021-08-26 07:43:19', 'Persepsi'),
(667, 21, 2, 25, 'SP', '21082607405325', '2021-08-26 07:43:19', 'Persepsi'),
(668, 22, 2, 25, 'SP', '21082607405325', '2021-08-26 07:43:19', 'Persepsi'),
(669, 6, 3, 25, 'P', '21082607405325', '2021-08-26 07:43:19', 'Persepsi'),
(670, 7, 3, 25, 'P', '21082607405325', '2021-08-26 07:43:19', 'Persepsi'),
(671, 23, 3, 25, 'SP', '21082607405325', '2021-08-26 07:43:19', 'Persepsi'),
(672, 24, 3, 25, 'P', '21082607405325', '2021-08-26 07:43:19', 'Persepsi'),
(673, 8, 4, 25, 'P', '21082607405325', '2021-08-26 07:43:19', 'Persepsi');
INSERT INTO `kuisioner` (`id_kuisioner`, `id_pernyataan`, `id_dimensi`, `user_id`, `kepuasan`, `code_quisioner`, `created_at`, `jenis`) VALUES
(674, 9, 4, 25, 'CP', '21082607405325', '2021-08-26 07:43:19', 'Persepsi'),
(675, 25, 4, 25, 'P', '21082607405325', '2021-08-26 07:43:19', 'Persepsi'),
(676, 26, 4, 25, 'CP', '21082607405325', '2021-08-26 07:43:19', 'Persepsi'),
(677, 10, 5, 25, 'CP', '21082607405325', '2021-08-26 07:43:19', 'Persepsi'),
(678, 11, 5, 25, 'CP', '21082607405325', '2021-08-26 07:43:19', 'Persepsi'),
(679, 27, 5, 25, 'P', '21082607405325', '2021-08-26 07:43:19', 'Persepsi'),
(680, 28, 5, 25, 'SP', '21082607405325', '2021-08-26 07:43:19', 'Persepsi'),
(681, 1, 1, 26, 'CPG', '21082607584126', '2021-08-26 07:58:41', 'Harapan'),
(682, 15, 1, 26, 'PG', '21082607584126', '2021-08-26 07:58:41', 'Harapan'),
(683, 19, 1, 26, 'PG', '21082607584126', '2021-08-26 07:58:41', 'Harapan'),
(684, 20, 1, 26, 'SPG', '21082607584126', '2021-08-26 07:58:41', 'Harapan'),
(685, 4, 2, 26, 'PG', '21082607584126', '2021-08-26 07:58:41', 'Harapan'),
(686, 5, 2, 26, 'CPG', '21082607584126', '2021-08-26 07:58:41', 'Harapan'),
(687, 21, 2, 26, 'PG', '21082607584126', '2021-08-26 07:58:41', 'Harapan'),
(688, 22, 2, 26, 'SPG', '21082607584126', '2021-08-26 07:58:42', 'Harapan'),
(689, 6, 3, 26, 'PG', '21082607584126', '2021-08-26 07:58:42', 'Harapan'),
(690, 7, 3, 26, 'SPG', '21082607584126', '2021-08-26 07:58:42', 'Harapan'),
(691, 23, 3, 26, 'PG', '21082607584126', '2021-08-26 07:58:42', 'Harapan'),
(692, 24, 3, 26, 'SPG', '21082607584126', '2021-08-26 07:58:42', 'Harapan'),
(693, 8, 4, 26, 'PG', '21082607584126', '2021-08-26 07:58:42', 'Harapan'),
(694, 9, 4, 26, 'PG', '21082607584126', '2021-08-26 07:58:42', 'Harapan'),
(695, 25, 4, 26, 'PG', '21082607584126', '2021-08-26 07:58:42', 'Harapan'),
(696, 26, 4, 26, 'PG', '21082607584126', '2021-08-26 07:58:43', 'Harapan'),
(697, 10, 5, 26, 'CPG', '21082607584126', '2021-08-26 07:58:43', 'Harapan'),
(698, 11, 5, 26, 'PG', '21082607584126', '2021-08-26 07:58:43', 'Harapan'),
(699, 27, 5, 26, 'PG', '21082607584126', '2021-08-26 07:58:43', 'Harapan'),
(700, 28, 5, 26, 'PG', '21082607584126', '2021-08-26 07:58:43', 'Harapan'),
(701, 1, 1, 26, 'CP', '21082607584126', '2021-08-26 08:09:57', 'Persepsi'),
(702, 15, 1, 26, 'SP', '21082607584126', '2021-08-26 08:09:57', 'Persepsi'),
(703, 19, 1, 26, 'CP', '21082607584126', '2021-08-26 08:09:57', 'Persepsi'),
(704, 20, 1, 26, 'SP', '21082607584126', '2021-08-26 08:09:57', 'Persepsi'),
(705, 4, 2, 26, 'P', '21082607584126', '2021-08-26 08:09:57', 'Persepsi'),
(706, 5, 2, 26, 'CP', '21082607584126', '2021-08-26 08:09:57', 'Persepsi'),
(707, 21, 2, 26, 'CP', '21082607584126', '2021-08-26 08:09:57', 'Persepsi'),
(708, 22, 2, 26, 'SP', '21082607584126', '2021-08-26 08:09:58', 'Persepsi'),
(709, 6, 3, 26, 'P', '21082607584126', '2021-08-26 08:09:58', 'Persepsi'),
(710, 7, 3, 26, 'SP', '21082607584126', '2021-08-26 08:09:58', 'Persepsi'),
(711, 23, 3, 26, 'SP', '21082607584126', '2021-08-26 08:09:58', 'Persepsi'),
(712, 24, 3, 26, 'P', '21082607584126', '2021-08-26 08:09:58', 'Persepsi'),
(713, 8, 4, 26, 'P', '21082607584126', '2021-08-26 08:09:58', 'Persepsi'),
(714, 9, 4, 26, 'SP', '21082607584126', '2021-08-26 08:09:58', 'Persepsi'),
(715, 25, 4, 26, 'P', '21082607584126', '2021-08-26 08:09:58', 'Persepsi'),
(716, 26, 4, 26, 'P', '21082607584126', '2021-08-26 08:09:58', 'Persepsi'),
(717, 10, 5, 26, 'P', '21082607584126', '2021-08-26 08:09:58', 'Persepsi'),
(718, 11, 5, 26, 'P', '21082607584126', '2021-08-26 08:09:58', 'Persepsi'),
(719, 27, 5, 26, 'SP', '21082607584126', '2021-08-26 08:09:58', 'Persepsi'),
(720, 28, 5, 26, 'SP', '21082607584126', '2021-08-26 08:09:58', 'Persepsi'),
(721, 1, 1, 27, 'CPG', '21082608271927', '2021-08-26 08:27:19', 'Harapan'),
(722, 15, 1, 27, 'PG', '21082608271927', '2021-08-26 08:27:19', 'Harapan'),
(723, 19, 1, 27, 'SPG', '21082608271927', '2021-08-26 08:27:19', 'Harapan'),
(724, 20, 1, 27, 'PG', '21082608271927', '2021-08-26 08:27:19', 'Harapan'),
(725, 4, 2, 27, 'CPG', '21082608271927', '2021-08-26 08:27:19', 'Harapan'),
(726, 5, 2, 27, 'PG', '21082608271927', '2021-08-26 08:27:19', 'Harapan'),
(727, 21, 2, 27, 'PG', '21082608271927', '2021-08-26 08:27:19', 'Harapan'),
(728, 22, 2, 27, 'PG', '21082608271927', '2021-08-26 08:27:19', 'Harapan'),
(729, 6, 3, 27, 'CPG', '21082608271927', '2021-08-26 08:27:19', 'Harapan'),
(730, 7, 3, 27, 'SPG', '21082608271927', '2021-08-26 08:27:19', 'Harapan'),
(731, 23, 3, 27, 'PG', '21082608271927', '2021-08-26 08:27:19', 'Harapan'),
(732, 24, 3, 27, 'SPG', '21082608271927', '2021-08-26 08:27:20', 'Harapan'),
(733, 8, 4, 27, 'PG', '21082608271927', '2021-08-26 08:27:20', 'Harapan'),
(734, 9, 4, 27, 'SPG', '21082608271927', '2021-08-26 08:27:20', 'Harapan'),
(735, 25, 4, 27, 'PG', '21082608271927', '2021-08-26 08:27:20', 'Harapan'),
(736, 26, 4, 27, 'SPG', '21082608271927', '2021-08-26 08:27:20', 'Harapan'),
(737, 10, 5, 27, 'PG', '21082608271927', '2021-08-26 08:27:20', 'Harapan'),
(738, 11, 5, 27, 'CPG', '21082608271927', '2021-08-26 08:27:20', 'Harapan'),
(739, 27, 5, 27, 'CPG', '21082608271927', '2021-08-26 08:27:20', 'Harapan'),
(740, 28, 5, 27, 'CPG', '21082608271927', '2021-08-26 08:27:20', 'Harapan'),
(741, 1, 1, 27, 'CP', '21082608271927', '2021-08-26 08:29:19', 'Persepsi'),
(742, 15, 1, 27, 'P', '21082608271927', '2021-08-26 08:29:19', 'Persepsi'),
(743, 19, 1, 27, 'CP', '21082608271927', '2021-08-26 08:29:19', 'Persepsi'),
(744, 20, 1, 27, 'SP', '21082608271927', '2021-08-26 08:29:19', 'Persepsi'),
(745, 4, 2, 27, 'CP', '21082608271927', '2021-08-26 08:29:19', 'Persepsi'),
(746, 5, 2, 27, 'CP', '21082608271927', '2021-08-26 08:29:19', 'Persepsi'),
(747, 21, 2, 27, 'P', '21082608271927', '2021-08-26 08:29:20', 'Persepsi'),
(748, 22, 2, 27, 'SP', '21082608271927', '2021-08-26 08:29:20', 'Persepsi'),
(749, 6, 3, 27, 'SP', '21082608271927', '2021-08-26 08:29:20', 'Persepsi'),
(750, 7, 3, 27, 'SP', '21082608271927', '2021-08-26 08:29:20', 'Persepsi'),
(751, 23, 3, 27, 'SP', '21082608271927', '2021-08-26 08:29:20', 'Persepsi'),
(752, 24, 3, 27, 'P', '21082608271927', '2021-08-26 08:29:20', 'Persepsi'),
(753, 8, 4, 27, 'P', '21082608271927', '2021-08-26 08:29:20', 'Persepsi'),
(754, 9, 4, 27, 'SP', '21082608271927', '2021-08-26 08:29:20', 'Persepsi'),
(755, 25, 4, 27, 'P', '21082608271927', '2021-08-26 08:29:20', 'Persepsi'),
(756, 26, 4, 27, 'SP', '21082608271927', '2021-08-26 08:29:20', 'Persepsi'),
(757, 10, 5, 27, 'CP', '21082608271927', '2021-08-26 08:29:20', 'Persepsi'),
(758, 11, 5, 27, 'P', '21082608271927', '2021-08-26 08:29:21', 'Persepsi'),
(759, 27, 5, 27, 'SP', '21082608271927', '2021-08-26 08:29:21', 'Persepsi'),
(760, 28, 5, 27, 'SP', '21082608271927', '2021-08-26 08:29:21', 'Persepsi'),
(761, 1, 1, 28, 'KPG', '21082608363528', '2021-08-26 08:36:35', 'Harapan'),
(762, 15, 1, 28, 'CPG', '21082608363528', '2021-08-26 08:36:35', 'Harapan'),
(763, 19, 1, 28, 'PG', '21082608363528', '2021-08-26 08:36:35', 'Harapan'),
(764, 20, 1, 28, 'SPG', '21082608363528', '2021-08-26 08:36:35', 'Harapan'),
(765, 4, 2, 28, 'CPG', '21082608363528', '2021-08-26 08:36:35', 'Harapan'),
(766, 5, 2, 28, 'PG', '21082608363528', '2021-08-26 08:36:36', 'Harapan'),
(767, 21, 2, 28, 'SPG', '21082608363528', '2021-08-26 08:36:36', 'Harapan'),
(768, 22, 2, 28, 'SPG', '21082608363528', '2021-08-26 08:36:36', 'Harapan'),
(769, 6, 3, 28, 'CPG', '21082608363528', '2021-08-26 08:36:36', 'Harapan'),
(770, 7, 3, 28, 'PG', '21082608363528', '2021-08-26 08:36:36', 'Harapan'),
(771, 23, 3, 28, 'SPG', '21082608363528', '2021-08-26 08:36:36', 'Harapan'),
(772, 24, 3, 28, 'PG', '21082608363528', '2021-08-26 08:36:36', 'Harapan'),
(773, 8, 4, 28, 'CPG', '21082608363528', '2021-08-26 08:36:36', 'Harapan'),
(774, 9, 4, 28, 'PG', '21082608363528', '2021-08-26 08:36:36', 'Harapan'),
(775, 25, 4, 28, 'PG', '21082608363528', '2021-08-26 08:36:37', 'Harapan'),
(776, 26, 4, 28, 'SPG', '21082608363528', '2021-08-26 08:36:37', 'Harapan'),
(777, 10, 5, 28, 'CPG', '21082608363528', '2021-08-26 08:36:37', 'Harapan'),
(778, 11, 5, 28, 'PG', '21082608363528', '2021-08-26 08:36:37', 'Harapan'),
(779, 27, 5, 28, 'PG', '21082608363528', '2021-08-26 08:36:37', 'Harapan'),
(780, 28, 5, 28, 'PG', '21082608363528', '2021-08-26 08:36:37', 'Harapan'),
(781, 1, 1, 28, 'P', '21082608363528', '2021-08-26 08:38:01', 'Persepsi'),
(782, 15, 1, 28, 'P', '21082608363528', '2021-08-26 08:38:01', 'Persepsi'),
(783, 19, 1, 28, 'CP', '21082608363528', '2021-08-26 08:38:01', 'Persepsi'),
(784, 20, 1, 28, 'P', '21082608363528', '2021-08-26 08:38:01', 'Persepsi'),
(785, 4, 2, 28, 'SP', '21082608363528', '2021-08-26 08:38:01', 'Persepsi'),
(786, 5, 2, 28, 'P', '21082608363528', '2021-08-26 08:38:01', 'Persepsi'),
(787, 21, 2, 28, 'P', '21082608363528', '2021-08-26 08:38:01', 'Persepsi'),
(788, 22, 2, 28, 'SP', '21082608363528', '2021-08-26 08:38:01', 'Persepsi'),
(789, 6, 3, 28, 'P', '21082608363528', '2021-08-26 08:38:01', 'Persepsi'),
(790, 7, 3, 28, 'SP', '21082608363528', '2021-08-26 08:38:01', 'Persepsi'),
(791, 23, 3, 28, 'P', '21082608363528', '2021-08-26 08:38:01', 'Persepsi'),
(792, 24, 3, 28, 'SP', '21082608363528', '2021-08-26 08:38:01', 'Persepsi'),
(793, 8, 4, 28, 'P', '21082608363528', '2021-08-26 08:38:01', 'Persepsi'),
(794, 9, 4, 28, 'SP', '21082608363528', '2021-08-26 08:38:01', 'Persepsi'),
(795, 25, 4, 28, 'SP', '21082608363528', '2021-08-26 08:38:01', 'Persepsi'),
(796, 26, 4, 28, 'P', '21082608363528', '2021-08-26 08:38:01', 'Persepsi'),
(797, 10, 5, 28, 'KP', '21082608363528', '2021-08-26 08:38:01', 'Persepsi'),
(798, 11, 5, 28, 'CP', '21082608363528', '2021-08-26 08:38:01', 'Persepsi'),
(799, 27, 5, 28, 'P', '21082608363528', '2021-08-26 08:38:02', 'Persepsi'),
(800, 28, 5, 28, 'P', '21082608363528', '2021-08-26 08:38:02', 'Persepsi'),
(801, 1, 1, 29, 'CPG', '21082609233729', '2021-08-26 09:23:37', 'Harapan'),
(802, 15, 1, 29, 'PG', '21082609233729', '2021-08-26 09:23:37', 'Harapan'),
(803, 19, 1, 29, 'PG', '21082609233729', '2021-08-26 09:23:37', 'Harapan'),
(804, 20, 1, 29, 'PG', '21082609233729', '2021-08-26 09:23:37', 'Harapan'),
(805, 4, 2, 29, 'CPG', '21082609233729', '2021-08-26 09:23:37', 'Harapan'),
(806, 5, 2, 29, 'PG', '21082609233729', '2021-08-26 09:23:37', 'Harapan'),
(807, 21, 2, 29, 'PG', '21082609233729', '2021-08-26 09:23:37', 'Harapan'),
(808, 22, 2, 29, 'PG', '21082609233729', '2021-08-26 09:23:37', 'Harapan'),
(809, 6, 3, 29, 'CPG', '21082609233729', '2021-08-26 09:23:38', 'Harapan'),
(810, 7, 3, 29, 'PG', '21082609233729', '2021-08-26 09:23:38', 'Harapan'),
(811, 23, 3, 29, 'PG', '21082609233729', '2021-08-26 09:23:38', 'Harapan'),
(812, 24, 3, 29, 'PG', '21082609233729', '2021-08-26 09:23:38', 'Harapan'),
(813, 8, 4, 29, 'CPG', '21082609233729', '2021-08-26 09:23:38', 'Harapan'),
(814, 9, 4, 29, 'CPG', '21082609233729', '2021-08-26 09:23:38', 'Harapan'),
(815, 25, 4, 29, 'PG', '21082609233729', '2021-08-26 09:23:38', 'Harapan'),
(816, 26, 4, 29, 'SPG', '21082609233729', '2021-08-26 09:23:38', 'Harapan'),
(817, 10, 5, 29, 'KPG', '21082609233729', '2021-08-26 09:23:38', 'Harapan'),
(818, 11, 5, 29, 'CPG', '21082609233729', '2021-08-26 09:23:38', 'Harapan'),
(819, 27, 5, 29, 'CPG', '21082609233729', '2021-08-26 09:23:38', 'Harapan'),
(820, 28, 5, 29, 'CPG', '21082609233729', '2021-08-26 09:23:39', 'Harapan'),
(821, 1, 1, 29, 'SP', '21082609233729', '2021-08-26 09:25:21', 'Persepsi'),
(822, 15, 1, 29, 'P', '21082609233729', '2021-08-26 09:25:21', 'Persepsi'),
(823, 19, 1, 29, 'P', '21082609233729', '2021-08-26 09:25:21', 'Persepsi'),
(824, 20, 1, 29, 'P', '21082609233729', '2021-08-26 09:25:21', 'Persepsi'),
(825, 4, 2, 29, 'SP', '21082609233729', '2021-08-26 09:25:22', 'Persepsi'),
(826, 5, 2, 29, 'P', '21082609233729', '2021-08-26 09:25:22', 'Persepsi'),
(827, 21, 2, 29, 'CP', '21082609233729', '2021-08-26 09:25:22', 'Persepsi'),
(828, 22, 2, 29, 'SP', '21082609233729', '2021-08-26 09:25:22', 'Persepsi'),
(829, 6, 3, 29, 'SP', '21082609233729', '2021-08-26 09:25:22', 'Persepsi'),
(830, 7, 3, 29, 'P', '21082609233729', '2021-08-26 09:25:22', 'Persepsi'),
(831, 23, 3, 29, 'SP', '21082609233729', '2021-08-26 09:25:22', 'Persepsi'),
(832, 24, 3, 29, 'P', '21082609233729', '2021-08-26 09:25:22', 'Persepsi'),
(833, 8, 4, 29, 'P', '21082609233729', '2021-08-26 09:25:22', 'Persepsi'),
(834, 9, 4, 29, 'P', '21082609233729', '2021-08-26 09:25:22', 'Persepsi'),
(835, 25, 4, 29, 'P', '21082609233729', '2021-08-26 09:25:22', 'Persepsi'),
(836, 26, 4, 29, 'SP', '21082609233729', '2021-08-26 09:25:22', 'Persepsi'),
(837, 10, 5, 29, 'CP', '21082609233729', '2021-08-26 09:25:22', 'Persepsi'),
(838, 11, 5, 29, 'P', '21082609233729', '2021-08-26 09:25:22', 'Persepsi'),
(839, 27, 5, 29, 'CP', '21082609233729', '2021-08-26 09:25:22', 'Persepsi'),
(840, 28, 5, 29, 'CP', '21082609233729', '2021-08-26 09:25:22', 'Persepsi'),
(841, 1, 1, 30, 'CPG', '21082609465330', '2021-08-26 09:46:53', 'Harapan'),
(842, 15, 1, 30, 'CPG', '21082609465330', '2021-08-26 09:46:53', 'Harapan'),
(843, 19, 1, 30, 'PG', '21082609465330', '2021-08-26 09:46:53', 'Harapan'),
(844, 20, 1, 30, 'PG', '21082609465330', '2021-08-26 09:46:53', 'Harapan'),
(845, 4, 2, 30, 'CPG', '21082609465330', '2021-08-26 09:46:54', 'Harapan'),
(846, 5, 2, 30, 'SPG', '21082609465330', '2021-08-26 09:46:54', 'Harapan'),
(847, 21, 2, 30, 'CPG', '21082609465330', '2021-08-26 09:46:54', 'Harapan'),
(848, 22, 2, 30, 'SPG', '21082609465330', '2021-08-26 09:46:54', 'Harapan'),
(849, 6, 3, 30, 'CPG', '21082609465330', '2021-08-26 09:46:54', 'Harapan'),
(850, 7, 3, 30, 'PG', '21082609465330', '2021-08-26 09:46:54', 'Harapan'),
(851, 23, 3, 30, 'KPG', '21082609465330', '2021-08-26 09:46:54', 'Harapan'),
(852, 24, 3, 30, 'CPG', '21082609465330', '2021-08-26 09:46:54', 'Harapan'),
(853, 8, 4, 30, 'PG', '21082609465330', '2021-08-26 09:46:54', 'Harapan'),
(854, 9, 4, 30, 'PG', '21082609465330', '2021-08-26 09:46:54', 'Harapan'),
(855, 25, 4, 30, 'CPG', '21082609465330', '2021-08-26 09:46:54', 'Harapan'),
(856, 26, 4, 30, 'CPG', '21082609465330', '2021-08-26 09:46:54', 'Harapan'),
(857, 10, 5, 30, 'CPG', '21082609465330', '2021-08-26 09:46:54', 'Harapan'),
(858, 11, 5, 30, 'PG', '21082609465330', '2021-08-26 09:46:54', 'Harapan'),
(859, 27, 5, 30, 'PG', '21082609465330', '2021-08-26 09:46:54', 'Harapan'),
(860, 28, 5, 30, 'PG', '21082609465330', '2021-08-26 09:46:54', 'Harapan'),
(861, 1, 1, 30, 'P', '21082609465330', '2021-08-26 09:49:10', 'Persepsi'),
(862, 15, 1, 30, 'CP', '21082609465330', '2021-08-26 09:49:11', 'Persepsi'),
(863, 19, 1, 30, 'CP', '21082609465330', '2021-08-26 09:49:11', 'Persepsi'),
(864, 20, 1, 30, 'P', '21082609465330', '2021-08-26 09:49:11', 'Persepsi'),
(865, 4, 2, 30, 'CP', '21082609465330', '2021-08-26 09:49:11', 'Persepsi'),
(866, 5, 2, 30, 'P', '21082609465330', '2021-08-26 09:49:11', 'Persepsi'),
(867, 21, 2, 30, 'CP', '21082609465330', '2021-08-26 09:49:11', 'Persepsi'),
(868, 22, 2, 30, 'CP', '21082609465330', '2021-08-26 09:49:11', 'Persepsi'),
(869, 6, 3, 30, 'CP', '21082609465330', '2021-08-26 09:49:11', 'Persepsi'),
(870, 7, 3, 30, 'CP', '21082609465330', '2021-08-26 09:49:11', 'Persepsi'),
(871, 23, 3, 30, 'P', '21082609465330', '2021-08-26 09:49:11', 'Persepsi'),
(872, 24, 3, 30, 'SP', '21082609465330', '2021-08-26 09:49:11', 'Persepsi'),
(873, 8, 4, 30, 'SP', '21082609465330', '2021-08-26 09:49:12', 'Persepsi'),
(874, 9, 4, 30, 'SP', '21082609465330', '2021-08-26 09:49:12', 'Persepsi'),
(875, 25, 4, 30, 'P', '21082609465330', '2021-08-26 09:49:12', 'Persepsi'),
(876, 26, 4, 30, 'SP', '21082609465330', '2021-08-26 09:49:12', 'Persepsi'),
(877, 10, 5, 30, 'CP', '21082609465330', '2021-08-26 09:49:12', 'Persepsi'),
(878, 11, 5, 30, 'SP', '21082609465330', '2021-08-26 09:49:12', 'Persepsi'),
(879, 27, 5, 30, 'SP', '21082609465330', '2021-08-26 09:49:12', 'Persepsi'),
(880, 28, 5, 30, 'SP', '21082609465330', '2021-08-26 09:49:12', 'Persepsi'),
(881, 1, 1, 31, 'KPG', '21082611570731', '2021-08-26 23:57:07', 'Harapan'),
(882, 15, 1, 31, 'CPG', '21082611570731', '2021-08-26 23:57:07', 'Harapan'),
(883, 19, 1, 31, 'CPG', '21082611570731', '2021-08-26 23:57:07', 'Harapan'),
(884, 20, 1, 31, 'CPG', '21082611570731', '2021-08-26 23:57:07', 'Harapan'),
(885, 4, 2, 31, 'PG', '21082611570731', '2021-08-26 23:57:07', 'Harapan'),
(886, 5, 2, 31, 'SPG', '21082611570731', '2021-08-26 23:57:07', 'Harapan'),
(887, 21, 2, 31, 'PG', '21082611570731', '2021-08-26 23:57:08', 'Harapan'),
(888, 22, 2, 31, 'CPG', '21082611570731', '2021-08-26 23:57:08', 'Harapan'),
(889, 6, 3, 31, 'CPG', '21082611570731', '2021-08-26 23:57:08', 'Harapan'),
(890, 7, 3, 31, 'PG', '21082611570731', '2021-08-26 23:57:08', 'Harapan'),
(891, 23, 3, 31, 'SPG', '21082611570731', '2021-08-26 23:57:08', 'Harapan'),
(892, 24, 3, 31, 'SPG', '21082611570731', '2021-08-26 23:57:08', 'Harapan'),
(893, 8, 4, 31, 'PG', '21082611570731', '2021-08-26 23:57:08', 'Harapan'),
(894, 9, 4, 31, 'SPG', '21082611570731', '2021-08-26 23:57:08', 'Harapan'),
(895, 25, 4, 31, 'SPG', '21082611570731', '2021-08-26 23:57:09', 'Harapan'),
(896, 26, 4, 31, 'SPG', '21082611570731', '2021-08-26 23:57:09', 'Harapan'),
(897, 10, 5, 31, 'CPG', '21082611570731', '2021-08-26 23:57:09', 'Harapan'),
(898, 11, 5, 31, 'PG', '21082611570731', '2021-08-26 23:57:09', 'Harapan'),
(899, 27, 5, 31, 'PG', '21082611570731', '2021-08-26 23:57:09', 'Harapan'),
(900, 28, 5, 31, 'PG', '21082611570731', '2021-08-26 23:57:09', 'Harapan'),
(901, 1, 1, 31, 'CP', '21082611570731', '2021-08-26 23:58:38', 'Persepsi'),
(902, 15, 1, 31, 'P', '21082611570731', '2021-08-26 23:58:38', 'Persepsi'),
(903, 19, 1, 31, 'SP', '21082611570731', '2021-08-26 23:58:38', 'Persepsi'),
(904, 20, 1, 31, 'SP', '21082611570731', '2021-08-26 23:58:38', 'Persepsi'),
(905, 4, 2, 31, 'CP', '21082611570731', '2021-08-26 23:58:38', 'Persepsi'),
(906, 5, 2, 31, 'CP', '21082611570731', '2021-08-26 23:58:38', 'Persepsi'),
(907, 21, 2, 31, 'P', '21082611570731', '2021-08-26 23:58:38', 'Persepsi'),
(908, 22, 2, 31, 'P', '21082611570731', '2021-08-26 23:58:38', 'Persepsi'),
(909, 6, 3, 31, 'SP', '21082611570731', '2021-08-26 23:58:38', 'Persepsi'),
(910, 7, 3, 31, 'CP', '21082611570731', '2021-08-26 23:58:38', 'Persepsi'),
(911, 23, 3, 31, 'SP', '21082611570731', '2021-08-26 23:58:38', 'Persepsi'),
(912, 24, 3, 31, 'P', '21082611570731', '2021-08-26 23:58:38', 'Persepsi'),
(913, 8, 4, 31, 'P', '21082611570731', '2021-08-26 23:58:38', 'Persepsi'),
(914, 9, 4, 31, 'SP', '21082611570731', '2021-08-26 23:58:38', 'Persepsi'),
(915, 25, 4, 31, 'P', '21082611570731', '2021-08-26 23:58:39', 'Persepsi'),
(916, 26, 4, 31, 'P', '21082611570731', '2021-08-26 23:58:39', 'Persepsi'),
(917, 10, 5, 31, 'CP', '21082611570731', '2021-08-26 23:58:39', 'Persepsi'),
(918, 11, 5, 31, 'SP', '21082611570731', '2021-08-26 23:58:39', 'Persepsi'),
(919, 27, 5, 31, 'SP', '21082611570731', '2021-08-26 23:58:39', 'Persepsi'),
(920, 28, 5, 31, 'P', '21082611570731', '2021-08-26 23:58:40', 'Persepsi'),
(921, 1, 1, 32, 'PG', '21082712014232', '2021-08-27 00:01:42', 'Harapan'),
(922, 15, 1, 32, 'CPG', '21082712014232', '2021-08-27 00:01:42', 'Harapan'),
(923, 19, 1, 32, 'CPG', '21082712014232', '2021-08-27 00:01:42', 'Harapan'),
(924, 20, 1, 32, 'KPG', '21082712014232', '2021-08-27 00:01:42', 'Harapan'),
(925, 4, 2, 32, 'KPG', '21082712014232', '2021-08-27 00:01:42', 'Harapan'),
(926, 5, 2, 32, 'CPG', '21082712014232', '2021-08-27 00:01:42', 'Harapan'),
(927, 21, 2, 32, 'CPG', '21082712014232', '2021-08-27 00:01:42', 'Harapan'),
(928, 22, 2, 32, 'CPG', '21082712014232', '2021-08-27 00:01:42', 'Harapan'),
(929, 6, 3, 32, 'KPG', '21082712014232', '2021-08-27 00:01:42', 'Harapan'),
(930, 7, 3, 32, 'CPG', '21082712014232', '2021-08-27 00:01:43', 'Harapan'),
(931, 23, 3, 32, 'CPG', '21082712014232', '2021-08-27 00:01:43', 'Harapan'),
(932, 24, 3, 32, 'CPG', '21082712014232', '2021-08-27 00:01:43', 'Harapan'),
(933, 8, 4, 32, 'PG', '21082712014232', '2021-08-27 00:01:43', 'Harapan'),
(934, 9, 4, 32, 'CPG', '21082712014232', '2021-08-27 00:01:43', 'Harapan'),
(935, 25, 4, 32, 'PG', '21082712014232', '2021-08-27 00:01:43', 'Harapan'),
(936, 26, 4, 32, 'CPG', '21082712014232', '2021-08-27 00:01:43', 'Harapan'),
(937, 10, 5, 32, 'CPG', '21082712014232', '2021-08-27 00:01:43', 'Harapan'),
(938, 11, 5, 32, 'PG', '21082712014232', '2021-08-27 00:01:43', 'Harapan'),
(939, 27, 5, 32, 'PG', '21082712014232', '2021-08-27 00:01:43', 'Harapan'),
(940, 28, 5, 32, 'PG', '21082712014232', '2021-08-27 00:01:44', 'Harapan'),
(941, 1, 1, 32, 'P', '21082712014232', '2021-08-27 00:03:40', 'Persepsi'),
(942, 15, 1, 32, 'P', '21082712014232', '2021-08-27 00:03:40', 'Persepsi'),
(943, 19, 1, 32, 'SP', '21082712014232', '2021-08-27 00:03:40', 'Persepsi'),
(944, 20, 1, 32, 'SP', '21082712014232', '2021-08-27 00:03:40', 'Persepsi'),
(945, 4, 2, 32, 'P', '21082712014232', '2021-08-27 00:03:40', 'Persepsi'),
(946, 5, 2, 32, 'P', '21082712014232', '2021-08-27 00:03:40', 'Persepsi'),
(947, 21, 2, 32, 'SP', '21082712014232', '2021-08-27 00:03:41', 'Persepsi'),
(948, 22, 2, 32, 'P', '21082712014232', '2021-08-27 00:03:41', 'Persepsi'),
(949, 6, 3, 32, 'CP', '21082712014232', '2021-08-27 00:03:41', 'Persepsi'),
(950, 7, 3, 32, 'SP', '21082712014232', '2021-08-27 00:03:41', 'Persepsi'),
(951, 23, 3, 32, 'SP', '21082712014232', '2021-08-27 00:03:41', 'Persepsi'),
(952, 24, 3, 32, 'P', '21082712014232', '2021-08-27 00:03:41', 'Persepsi'),
(953, 8, 4, 32, 'CP', '21082712014232', '2021-08-27 00:03:41', 'Persepsi'),
(954, 9, 4, 32, 'SP', '21082712014232', '2021-08-27 00:03:41', 'Persepsi'),
(955, 25, 4, 32, 'P', '21082712014232', '2021-08-27 00:03:41', 'Persepsi'),
(956, 26, 4, 32, 'P', '21082712014232', '2021-08-27 00:03:42', 'Persepsi'),
(957, 10, 5, 32, 'P', '21082712014232', '2021-08-27 00:03:42', 'Persepsi'),
(958, 11, 5, 32, 'SP', '21082712014232', '2021-08-27 00:03:42', 'Persepsi'),
(959, 27, 5, 32, 'SP', '21082712014232', '2021-08-27 00:03:42', 'Persepsi'),
(960, 28, 5, 32, 'P', '21082712014232', '2021-08-27 00:03:42', 'Persepsi'),
(961, 1, 1, 33, 'CPG', '21082712075733', '2021-08-27 00:07:57', 'Harapan'),
(962, 15, 1, 33, 'PG', '21082712075733', '2021-08-27 00:07:57', 'Harapan'),
(963, 19, 1, 33, 'CPG', '21082712075733', '2021-08-27 00:07:58', 'Harapan'),
(964, 20, 1, 33, 'CPG', '21082712075733', '2021-08-27 00:07:58', 'Harapan'),
(965, 4, 2, 33, 'PG', '21082712075733', '2021-08-27 00:07:58', 'Harapan'),
(966, 5, 2, 33, 'PG', '21082712075733', '2021-08-27 00:07:58', 'Harapan'),
(967, 21, 2, 33, 'CPG', '21082712075733', '2021-08-27 00:07:58', 'Harapan'),
(968, 22, 2, 33, 'KPG', '21082712075733', '2021-08-27 00:07:58', 'Harapan'),
(969, 6, 3, 33, 'CPG', '21082712075733', '2021-08-27 00:07:58', 'Harapan'),
(970, 7, 3, 33, 'PG', '21082712075733', '2021-08-27 00:07:58', 'Harapan'),
(971, 23, 3, 33, 'PG', '21082712075733', '2021-08-27 00:07:58', 'Harapan'),
(972, 24, 3, 33, 'SPG', '21082712075733', '2021-08-27 00:07:58', 'Harapan'),
(973, 8, 4, 33, 'CPG', '21082712075733', '2021-08-27 00:07:59', 'Harapan'),
(974, 9, 4, 33, 'KPG', '21082712075733', '2021-08-27 00:07:59', 'Harapan'),
(975, 25, 4, 33, 'KPG', '21082712075733', '2021-08-27 00:07:59', 'Harapan'),
(976, 26, 4, 33, 'CPG', '21082712075733', '2021-08-27 00:07:59', 'Harapan'),
(977, 10, 5, 33, 'KPG', '21082712075733', '2021-08-27 00:07:59', 'Harapan'),
(978, 11, 5, 33, 'CPG', '21082712075733', '2021-08-27 00:07:59', 'Harapan'),
(979, 27, 5, 33, 'PG', '21082712075733', '2021-08-27 00:07:59', 'Harapan'),
(980, 28, 5, 33, 'PG', '21082712075733', '2021-08-27 00:07:59', 'Harapan'),
(981, 1, 1, 33, 'P', '21082712075733', '2021-08-27 00:10:01', 'Persepsi'),
(982, 15, 1, 33, 'SP', '21082712075733', '2021-08-27 00:10:01', 'Persepsi'),
(983, 19, 1, 33, 'SP', '21082712075733', '2021-08-27 00:10:01', 'Persepsi'),
(984, 20, 1, 33, 'SP', '21082712075733', '2021-08-27 00:10:01', 'Persepsi'),
(985, 4, 2, 33, 'SP', '21082712075733', '2021-08-27 00:10:01', 'Persepsi'),
(986, 5, 2, 33, 'P', '21082712075733', '2021-08-27 00:10:01', 'Persepsi'),
(987, 21, 2, 33, 'SP', '21082712075733', '2021-08-27 00:10:01', 'Persepsi'),
(988, 22, 2, 33, 'P', '21082712075733', '2021-08-27 00:10:01', 'Persepsi'),
(989, 6, 3, 33, 'SP', '21082712075733', '2021-08-27 00:10:01', 'Persepsi'),
(990, 7, 3, 33, 'P', '21082712075733', '2021-08-27 00:10:01', 'Persepsi'),
(991, 23, 3, 33, 'P', '21082712075733', '2021-08-27 00:10:01', 'Persepsi'),
(992, 24, 3, 33, 'CP', '21082712075733', '2021-08-27 00:10:01', 'Persepsi'),
(993, 8, 4, 33, 'P', '21082712075733', '2021-08-27 00:10:02', 'Persepsi'),
(994, 9, 4, 33, 'SP', '21082712075733', '2021-08-27 00:10:02', 'Persepsi'),
(995, 25, 4, 33, 'P', '21082712075733', '2021-08-27 00:10:02', 'Persepsi'),
(996, 26, 4, 33, 'SP', '21082712075733', '2021-08-27 00:10:02', 'Persepsi'),
(997, 10, 5, 33, 'P', '21082712075733', '2021-08-27 00:10:02', 'Persepsi'),
(998, 11, 5, 33, 'SP', '21082712075733', '2021-08-27 00:10:02', 'Persepsi'),
(999, 27, 5, 33, 'P', '21082712075733', '2021-08-27 00:10:02', 'Persepsi'),
(1000, 28, 5, 33, 'SP', '21082712075733', '2021-08-27 00:10:02', 'Persepsi'),
(1001, 1, 1, 34, 'KPG', '21082712142934', '2021-08-27 00:14:29', 'Harapan'),
(1002, 15, 1, 34, 'CPG', '21082712142934', '2021-08-27 00:14:29', 'Harapan'),
(1003, 19, 1, 34, 'CPG', '21082712142934', '2021-08-27 00:14:29', 'Harapan'),
(1004, 20, 1, 34, 'CPG', '21082712142934', '2021-08-27 00:14:29', 'Harapan'),
(1005, 4, 2, 34, 'CPG', '21082712142934', '2021-08-27 00:14:29', 'Harapan'),
(1006, 5, 2, 34, 'PG', '21082712142934', '2021-08-27 00:14:29', 'Harapan'),
(1007, 21, 2, 34, 'CPG', '21082712142934', '2021-08-27 00:14:29', 'Harapan'),
(1008, 22, 2, 34, 'CPG', '21082712142934', '2021-08-27 00:14:29', 'Harapan'),
(1009, 6, 3, 34, 'PG', '21082712142934', '2021-08-27 00:14:29', 'Harapan'),
(1010, 7, 3, 34, 'PG', '21082712142934', '2021-08-27 00:14:29', 'Harapan'),
(1011, 23, 3, 34, 'CPG', '21082712142934', '2021-08-27 00:14:29', 'Harapan'),
(1012, 24, 3, 34, 'PG', '21082712142934', '2021-08-27 00:14:30', 'Harapan'),
(1013, 8, 4, 34, 'CPG', '21082712142934', '2021-08-27 00:14:30', 'Harapan'),
(1014, 9, 4, 34, 'CPG', '21082712142934', '2021-08-27 00:14:30', 'Harapan'),
(1015, 25, 4, 34, 'CPG', '21082712142934', '2021-08-27 00:14:30', 'Harapan'),
(1016, 26, 4, 34, 'CPG', '21082712142934', '2021-08-27 00:14:30', 'Harapan'),
(1017, 10, 5, 34, 'SPG', '21082712142934', '2021-08-27 00:14:30', 'Harapan'),
(1018, 11, 5, 34, 'PG', '21082712142934', '2021-08-27 00:14:30', 'Harapan'),
(1019, 27, 5, 34, 'CPG', '21082712142934', '2021-08-27 00:14:30', 'Harapan'),
(1020, 28, 5, 34, 'CPG', '21082712142934', '2021-08-27 00:14:30', 'Harapan'),
(1021, 1, 1, 34, 'P', '21082712142934', '2021-08-27 00:17:22', 'Persepsi'),
(1022, 15, 1, 34, 'P', '21082712142934', '2021-08-27 00:17:22', 'Persepsi'),
(1023, 19, 1, 34, 'CP', '21082712142934', '2021-08-27 00:17:22', 'Persepsi'),
(1024, 20, 1, 34, 'P', '21082712142934', '2021-08-27 00:17:22', 'Persepsi'),
(1025, 4, 2, 34, 'CP', '21082712142934', '2021-08-27 00:17:22', 'Persepsi'),
(1026, 5, 2, 34, 'P', '21082712142934', '2021-08-27 00:17:22', 'Persepsi'),
(1027, 21, 2, 34, 'SP', '21082712142934', '2021-08-27 00:17:22', 'Persepsi'),
(1028, 22, 2, 34, 'SP', '21082712142934', '2021-08-27 00:17:22', 'Persepsi'),
(1029, 6, 3, 34, 'SP', '21082712142934', '2021-08-27 00:17:22', 'Persepsi'),
(1030, 7, 3, 34, 'SP', '21082712142934', '2021-08-27 00:17:23', 'Persepsi'),
(1031, 23, 3, 34, 'SP', '21082712142934', '2021-08-27 00:17:23', 'Persepsi'),
(1032, 24, 3, 34, 'P', '21082712142934', '2021-08-27 00:17:23', 'Persepsi'),
(1033, 8, 4, 34, 'P', '21082712142934', '2021-08-27 00:17:23', 'Persepsi'),
(1034, 9, 4, 34, 'SP', '21082712142934', '2021-08-27 00:17:23', 'Persepsi'),
(1035, 25, 4, 34, 'P', '21082712142934', '2021-08-27 00:17:23', 'Persepsi'),
(1036, 26, 4, 34, 'P', '21082712142934', '2021-08-27 00:17:23', 'Persepsi'),
(1037, 10, 5, 34, 'SP', '21082712142934', '2021-08-27 00:17:23', 'Persepsi'),
(1038, 11, 5, 34, 'SP', '21082712142934', '2021-08-27 00:17:23', 'Persepsi'),
(1039, 27, 5, 34, 'P', '21082712142934', '2021-08-27 00:17:23', 'Persepsi'),
(1040, 28, 5, 34, 'SP', '21082712142934', '2021-08-27 00:17:24', 'Persepsi'),
(1041, 1, 1, 35, 'PG', '21082712210735', '2021-08-27 00:21:07', 'Harapan'),
(1042, 15, 1, 35, 'PG', '21082712210735', '2021-08-27 00:21:07', 'Harapan'),
(1043, 19, 1, 35, 'SPG', '21082712210735', '2021-08-27 00:21:08', 'Harapan'),
(1044, 20, 1, 35, 'CPG', '21082712210735', '2021-08-27 00:21:08', 'Harapan'),
(1045, 4, 2, 35, 'CPG', '21082712210735', '2021-08-27 00:21:08', 'Harapan'),
(1046, 5, 2, 35, 'CPG', '21082712210735', '2021-08-27 00:21:08', 'Harapan'),
(1047, 21, 2, 35, 'CPG', '21082712210735', '2021-08-27 00:21:08', 'Harapan'),
(1048, 22, 2, 35, 'PG', '21082712210735', '2021-08-27 00:21:08', 'Harapan'),
(1049, 6, 3, 35, 'CPG', '21082712210735', '2021-08-27 00:21:08', 'Harapan'),
(1050, 7, 3, 35, 'PG', '21082712210735', '2021-08-27 00:21:08', 'Harapan'),
(1051, 23, 3, 35, 'CPG', '21082712210735', '2021-08-27 00:21:08', 'Harapan'),
(1052, 24, 3, 35, 'PG', '21082712210735', '2021-08-27 00:21:08', 'Harapan'),
(1053, 8, 4, 35, 'SPG', '21082712210735', '2021-08-27 00:21:08', 'Harapan'),
(1054, 9, 4, 35, 'PG', '21082712210735', '2021-08-27 00:21:08', 'Harapan'),
(1055, 25, 4, 35, 'PG', '21082712210735', '2021-08-27 00:21:08', 'Harapan'),
(1056, 26, 4, 35, 'PG', '21082712210735', '2021-08-27 00:21:08', 'Harapan'),
(1057, 10, 5, 35, 'SPG', '21082712210735', '2021-08-27 00:21:08', 'Harapan'),
(1058, 11, 5, 35, 'PG', '21082712210735', '2021-08-27 00:21:09', 'Harapan'),
(1059, 27, 5, 35, 'PG', '21082712210735', '2021-08-27 00:21:09', 'Harapan'),
(1060, 28, 5, 35, 'CPG', '21082712210735', '2021-08-27 00:21:09', 'Harapan'),
(1061, 1, 1, 35, 'SP', '21082712210735', '2021-08-27 00:23:19', 'Persepsi'),
(1062, 15, 1, 35, 'P', '21082712210735', '2021-08-27 00:23:19', 'Persepsi'),
(1063, 19, 1, 35, 'SP', '21082712210735', '2021-08-27 00:23:19', 'Persepsi'),
(1064, 20, 1, 35, 'P', '21082712210735', '2021-08-27 00:23:19', 'Persepsi'),
(1065, 4, 2, 35, 'SP', '21082712210735', '2021-08-27 00:23:19', 'Persepsi'),
(1066, 5, 2, 35, 'SP', '21082712210735', '2021-08-27 00:23:20', 'Persepsi'),
(1067, 21, 2, 35, 'P', '21082712210735', '2021-08-27 00:23:20', 'Persepsi'),
(1068, 22, 2, 35, 'SP', '21082712210735', '2021-08-27 00:23:20', 'Persepsi'),
(1069, 6, 3, 35, 'P', '21082712210735', '2021-08-27 00:23:20', 'Persepsi'),
(1070, 7, 3, 35, 'SP', '21082712210735', '2021-08-27 00:23:20', 'Persepsi'),
(1071, 23, 3, 35, 'SP', '21082712210735', '2021-08-27 00:23:20', 'Persepsi'),
(1072, 24, 3, 35, 'P', '21082712210735', '2021-08-27 00:23:20', 'Persepsi'),
(1073, 8, 4, 35, 'CP', '21082712210735', '2021-08-27 00:23:20', 'Persepsi'),
(1074, 9, 4, 35, 'SP', '21082712210735', '2021-08-27 00:23:20', 'Persepsi'),
(1075, 25, 4, 35, 'SP', '21082712210735', '2021-08-27 00:23:21', 'Persepsi'),
(1076, 26, 4, 35, 'P', '21082712210735', '2021-08-27 00:23:21', 'Persepsi'),
(1077, 10, 5, 35, 'P', '21082712210735', '2021-08-27 00:23:21', 'Persepsi'),
(1078, 11, 5, 35, 'SP', '21082712210735', '2021-08-27 00:23:21', 'Persepsi'),
(1079, 27, 5, 35, 'P', '21082712210735', '2021-08-27 00:23:21', 'Persepsi'),
(1080, 28, 5, 35, 'SP', '21082712210735', '2021-08-27 00:23:21', 'Persepsi'),
(1081, 1, 1, 36, 'KPG', '21082712512936', '2021-08-27 00:51:29', 'Harapan'),
(1082, 15, 1, 36, 'KPG', '21082712512936', '2021-08-27 00:51:29', 'Harapan'),
(1083, 19, 1, 36, 'CPG', '21082712512936', '2021-08-27 00:51:29', 'Harapan'),
(1084, 20, 1, 36, 'PG', '21082712512936', '2021-08-27 00:51:29', 'Harapan'),
(1085, 4, 2, 36, 'KPG', '21082712512936', '2021-08-27 00:51:30', 'Harapan'),
(1086, 5, 2, 36, 'CPG', '21082712512936', '2021-08-27 00:51:30', 'Harapan'),
(1087, 21, 2, 36, 'PG', '21082712512936', '2021-08-27 00:51:30', 'Harapan'),
(1088, 22, 2, 36, 'CPG', '21082712512936', '2021-08-27 00:51:30', 'Harapan'),
(1089, 6, 3, 36, 'PG', '21082712512936', '2021-08-27 00:51:30', 'Harapan'),
(1090, 7, 3, 36, 'SPG', '21082712512936', '2021-08-27 00:51:30', 'Harapan'),
(1091, 23, 3, 36, 'SPG', '21082712512936', '2021-08-27 00:51:30', 'Harapan'),
(1092, 24, 3, 36, 'PG', '21082712512936', '2021-08-27 00:51:30', 'Harapan'),
(1093, 8, 4, 36, 'CPG', '21082712512936', '2021-08-27 00:51:30', 'Harapan'),
(1094, 9, 4, 36, 'CPG', '21082712512936', '2021-08-27 00:51:30', 'Harapan'),
(1095, 25, 4, 36, 'PG', '21082712512936', '2021-08-27 00:51:30', 'Harapan'),
(1096, 26, 4, 36, 'PG', '21082712512936', '2021-08-27 00:51:30', 'Harapan'),
(1097, 10, 5, 36, 'KPG', '21082712512936', '2021-08-27 00:51:31', 'Harapan'),
(1098, 11, 5, 36, 'CPG', '21082712512936', '2021-08-27 00:51:31', 'Harapan'),
(1099, 27, 5, 36, 'PG', '21082712512936', '2021-08-27 00:51:31', 'Harapan'),
(1100, 28, 5, 36, 'CPG', '21082712512936', '2021-08-27 00:51:31', 'Harapan'),
(1101, 1, 1, 36, 'KP', '21082712512936', '2021-08-27 00:53:58', 'Persepsi'),
(1102, 15, 1, 36, 'P', '21082712512936', '2021-08-27 00:53:59', 'Persepsi'),
(1103, 19, 1, 36, 'CP', '21082712512936', '2021-08-27 00:53:59', 'Persepsi'),
(1104, 20, 1, 36, 'P', '21082712512936', '2021-08-27 00:53:59', 'Persepsi'),
(1105, 4, 2, 36, 'CP', '21082712512936', '2021-08-27 00:53:59', 'Persepsi'),
(1106, 5, 2, 36, 'P', '21082712512936', '2021-08-27 00:53:59', 'Persepsi'),
(1107, 21, 2, 36, 'CP', '21082712512936', '2021-08-27 00:53:59', 'Persepsi'),
(1108, 22, 2, 36, 'SP', '21082712512936', '2021-08-27 00:53:59', 'Persepsi'),
(1109, 6, 3, 36, 'SP', '21082712512936', '2021-08-27 00:53:59', 'Persepsi'),
(1110, 7, 3, 36, 'P', '21082712512936', '2021-08-27 00:53:59', 'Persepsi'),
(1111, 23, 3, 36, 'CP', '21082712512936', '2021-08-27 00:53:59', 'Persepsi'),
(1112, 24, 3, 36, 'SP', '21082712512936', '2021-08-27 00:53:59', 'Persepsi'),
(1113, 8, 4, 36, 'P', '21082712512936', '2021-08-27 00:54:00', 'Persepsi'),
(1114, 9, 4, 36, 'P', '21082712512936', '2021-08-27 00:54:00', 'Persepsi'),
(1115, 25, 4, 36, 'P', '21082712512936', '2021-08-27 00:54:00', 'Persepsi'),
(1116, 26, 4, 36, 'SP', '21082712512936', '2021-08-27 00:54:00', 'Persepsi'),
(1117, 10, 5, 36, 'P', '21082712512936', '2021-08-27 00:54:00', 'Persepsi'),
(1118, 11, 5, 36, 'SP', '21082712512936', '2021-08-27 00:54:00', 'Persepsi'),
(1119, 27, 5, 36, 'P', '21082712512936', '2021-08-27 00:54:00', 'Persepsi'),
(1120, 28, 5, 36, 'SP', '21082712512936', '2021-08-27 00:54:00', 'Persepsi'),
(1121, 1, 1, 37, 'KPG', '21082712581937', '2021-08-27 00:58:19', 'Harapan'),
(1122, 15, 1, 37, 'KPG', '21082712581937', '2021-08-27 00:58:19', 'Harapan'),
(1123, 19, 1, 37, 'CPG', '21082712581937', '2021-08-27 00:58:19', 'Harapan'),
(1124, 20, 1, 37, 'PG', '21082712581937', '2021-08-27 00:58:19', 'Harapan'),
(1125, 4, 2, 37, 'CPG', '21082712581937', '2021-08-27 00:58:19', 'Harapan'),
(1126, 5, 2, 37, 'PG', '21082712581937', '2021-08-27 00:58:19', 'Harapan'),
(1127, 21, 2, 37, 'KPG', '21082712581937', '2021-08-27 00:58:19', 'Harapan'),
(1128, 22, 2, 37, 'CPG', '21082712581937', '2021-08-27 00:58:19', 'Harapan'),
(1129, 6, 3, 37, 'SPG', '21082712581937', '2021-08-27 00:58:19', 'Harapan'),
(1130, 7, 3, 37, 'CPG', '21082712581937', '2021-08-27 00:58:19', 'Harapan'),
(1131, 23, 3, 37, 'KPG', '21082712581937', '2021-08-27 00:58:19', 'Harapan'),
(1132, 24, 3, 37, 'PG', '21082712581937', '2021-08-27 00:58:19', 'Harapan'),
(1133, 8, 4, 37, 'CPG', '21082712581937', '2021-08-27 00:58:19', 'Harapan'),
(1134, 9, 4, 37, 'CPG', '21082712581937', '2021-08-27 00:58:20', 'Harapan'),
(1135, 25, 4, 37, 'PG', '21082712581937', '2021-08-27 00:58:20', 'Harapan'),
(1136, 26, 4, 37, 'SPG', '21082712581937', '2021-08-27 00:58:20', 'Harapan'),
(1137, 10, 5, 37, 'CPG', '21082712581937', '2021-08-27 00:58:20', 'Harapan'),
(1138, 11, 5, 37, 'PG', '21082712581937', '2021-08-27 00:58:20', 'Harapan'),
(1139, 27, 5, 37, 'CPG', '21082712581937', '2021-08-27 00:58:20', 'Harapan'),
(1140, 28, 5, 37, 'CPG', '21082712581937', '2021-08-27 00:58:20', 'Harapan'),
(1141, 1, 1, 37, 'P', '21082712581937', '2021-08-27 01:00:31', 'Persepsi'),
(1142, 15, 1, 37, 'P', '21082712581937', '2021-08-27 01:00:31', 'Persepsi'),
(1143, 19, 1, 37, 'CP', '21082712581937', '2021-08-27 01:00:32', 'Persepsi'),
(1144, 20, 1, 37, 'SP', '21082712581937', '2021-08-27 01:00:32', 'Persepsi'),
(1145, 4, 2, 37, 'P', '21082712581937', '2021-08-27 01:00:32', 'Persepsi'),
(1146, 5, 2, 37, 'CP', '21082712581937', '2021-08-27 01:00:32', 'Persepsi'),
(1147, 21, 2, 37, 'SP', '21082712581937', '2021-08-27 01:00:32', 'Persepsi'),
(1148, 22, 2, 37, 'P', '21082712581937', '2021-08-27 01:00:32', 'Persepsi'),
(1149, 6, 3, 37, 'SP', '21082712581937', '2021-08-27 01:00:32', 'Persepsi'),
(1150, 7, 3, 37, 'SP', '21082712581937', '2021-08-27 01:00:32', 'Persepsi'),
(1151, 23, 3, 37, 'P', '21082712581937', '2021-08-27 01:00:32', 'Persepsi'),
(1152, 24, 3, 37, 'SP', '21082712581937', '2021-08-27 01:00:32', 'Persepsi'),
(1153, 8, 4, 37, 'P', '21082712581937', '2021-08-27 01:00:32', 'Persepsi'),
(1154, 9, 4, 37, 'CP', '21082712581937', '2021-08-27 01:00:32', 'Persepsi'),
(1155, 25, 4, 37, 'P', '21082712581937', '2021-08-27 01:00:32', 'Persepsi'),
(1156, 26, 4, 37, 'SP', '21082712581937', '2021-08-27 01:00:32', 'Persepsi'),
(1157, 10, 5, 37, 'SP', '21082712581937', '2021-08-27 01:00:32', 'Persepsi'),
(1158, 11, 5, 37, 'P', '21082712581937', '2021-08-27 01:00:32', 'Persepsi'),
(1159, 27, 5, 37, 'SP', '21082712581937', '2021-08-27 01:00:33', 'Persepsi'),
(1160, 28, 5, 37, 'SP', '21082712581937', '2021-08-27 01:00:33', 'Persepsi'),
(1161, 1, 1, 38, 'SPG', '21082701040138', '2021-08-27 01:04:01', 'Harapan'),
(1162, 15, 1, 38, 'SPG', '21082701040138', '2021-08-27 01:04:01', 'Harapan'),
(1163, 19, 1, 38, 'SPG', '21082701040138', '2021-08-27 01:04:01', 'Harapan'),
(1164, 20, 1, 38, 'PG', '21082701040138', '2021-08-27 01:04:01', 'Harapan'),
(1165, 4, 2, 38, 'CPG', '21082701040138', '2021-08-27 01:04:02', 'Harapan'),
(1166, 5, 2, 38, 'PG', '21082701040138', '2021-08-27 01:04:02', 'Harapan'),
(1167, 21, 2, 38, 'PG', '21082701040138', '2021-08-27 01:04:02', 'Harapan'),
(1168, 22, 2, 38, 'SPG', '21082701040138', '2021-08-27 01:04:02', 'Harapan'),
(1169, 6, 3, 38, 'KPG', '21082701040138', '2021-08-27 01:04:02', 'Harapan'),
(1170, 7, 3, 38, 'SPG', '21082701040138', '2021-08-27 01:04:02', 'Harapan'),
(1171, 23, 3, 38, 'CPG', '21082701040138', '2021-08-27 01:04:02', 'Harapan'),
(1172, 24, 3, 38, 'CPG', '21082701040138', '2021-08-27 01:04:02', 'Harapan'),
(1173, 8, 4, 38, 'CPG', '21082701040138', '2021-08-27 01:04:02', 'Harapan'),
(1174, 9, 4, 38, 'PG', '21082701040138', '2021-08-27 01:04:02', 'Harapan'),
(1175, 25, 4, 38, 'PG', '21082701040138', '2021-08-27 01:04:02', 'Harapan'),
(1176, 26, 4, 38, 'CPG', '21082701040138', '2021-08-27 01:04:02', 'Harapan'),
(1177, 10, 5, 38, 'CPG', '21082701040138', '2021-08-27 01:04:02', 'Harapan'),
(1178, 11, 5, 38, 'PG', '21082701040138', '2021-08-27 01:04:03', 'Harapan'),
(1179, 27, 5, 38, 'CPG', '21082701040138', '2021-08-27 01:04:03', 'Harapan'),
(1180, 28, 5, 38, 'PG', '21082701040138', '2021-08-27 01:04:03', 'Harapan'),
(1181, 1, 1, 38, 'SP', '21082701040138', '2021-08-27 01:05:13', 'Persepsi'),
(1182, 15, 1, 38, 'SP', '21082701040138', '2021-08-27 01:05:13', 'Persepsi'),
(1183, 19, 1, 38, 'P', '21082701040138', '2021-08-27 01:05:13', 'Persepsi'),
(1184, 20, 1, 38, 'SP', '21082701040138', '2021-08-27 01:05:13', 'Persepsi'),
(1185, 4, 2, 38, 'P', '21082701040138', '2021-08-27 01:05:13', 'Persepsi'),
(1186, 5, 2, 38, 'CP', '21082701040138', '2021-08-27 01:05:14', 'Persepsi'),
(1187, 21, 2, 38, 'CP', '21082701040138', '2021-08-27 01:05:14', 'Persepsi'),
(1188, 22, 2, 38, 'P', '21082701040138', '2021-08-27 01:05:14', 'Persepsi'),
(1189, 6, 3, 38, 'SP', '21082701040138', '2021-08-27 01:05:14', 'Persepsi'),
(1190, 7, 3, 38, 'P', '21082701040138', '2021-08-27 01:05:14', 'Persepsi'),
(1191, 23, 3, 38, 'CP', '21082701040138', '2021-08-27 01:05:14', 'Persepsi'),
(1192, 24, 3, 38, 'CP', '21082701040138', '2021-08-27 01:05:14', 'Persepsi'),
(1193, 8, 4, 38, 'P', '21082701040138', '2021-08-27 01:05:14', 'Persepsi'),
(1194, 9, 4, 38, 'CP', '21082701040138', '2021-08-27 01:05:14', 'Persepsi'),
(1195, 25, 4, 38, 'P', '21082701040138', '2021-08-27 01:05:14', 'Persepsi'),
(1196, 26, 4, 38, 'P', '21082701040138', '2021-08-27 01:05:14', 'Persepsi'),
(1197, 10, 5, 38, 'P', '21082701040138', '2021-08-27 01:05:14', 'Persepsi'),
(1198, 11, 5, 38, 'CP', '21082701040138', '2021-08-27 01:05:15', 'Persepsi'),
(1199, 27, 5, 38, 'P', '21082701040138', '2021-08-27 01:05:15', 'Persepsi'),
(1200, 28, 5, 38, 'SP', '21082701040138', '2021-08-27 01:05:15', 'Persepsi'),
(1201, 1, 1, 39, 'CPG', '21082701071239', '2021-08-27 01:07:12', 'Harapan'),
(1202, 15, 1, 39, 'CPG', '21082701071239', '2021-08-27 01:07:12', 'Harapan'),
(1203, 19, 1, 39, 'CPG', '21082701071239', '2021-08-27 01:07:12', 'Harapan'),
(1204, 20, 1, 39, 'PG', '21082701071239', '2021-08-27 01:07:12', 'Harapan'),
(1205, 4, 2, 39, 'CPG', '21082701071239', '2021-08-27 01:07:12', 'Harapan'),
(1206, 5, 2, 39, 'PG', '21082701071239', '2021-08-27 01:07:12', 'Harapan'),
(1207, 21, 2, 39, 'CPG', '21082701071239', '2021-08-27 01:07:12', 'Harapan'),
(1208, 22, 2, 39, 'CPG', '21082701071239', '2021-08-27 01:07:12', 'Harapan'),
(1209, 6, 3, 39, 'SPG', '21082701071239', '2021-08-27 01:07:12', 'Harapan'),
(1210, 7, 3, 39, 'PG', '21082701071239', '2021-08-27 01:07:13', 'Harapan'),
(1211, 23, 3, 39, 'SPG', '21082701071239', '2021-08-27 01:07:13', 'Harapan'),
(1212, 24, 3, 39, 'PG', '21082701071239', '2021-08-27 01:07:13', 'Harapan'),
(1213, 8, 4, 39, 'CPG', '21082701071239', '2021-08-27 01:07:13', 'Harapan'),
(1214, 9, 4, 39, 'CPG', '21082701071239', '2021-08-27 01:07:13', 'Harapan'),
(1215, 25, 4, 39, 'PG', '21082701071239', '2021-08-27 01:07:13', 'Harapan'),
(1216, 26, 4, 39, 'PG', '21082701071239', '2021-08-27 01:07:13', 'Harapan'),
(1217, 10, 5, 39, 'PG', '21082701071239', '2021-08-27 01:07:13', 'Harapan'),
(1218, 11, 5, 39, 'PG', '21082701071239', '2021-08-27 01:07:13', 'Harapan'),
(1219, 27, 5, 39, 'PG', '21082701071239', '2021-08-27 01:07:13', 'Harapan'),
(1220, 28, 5, 39, 'CPG', '21082701071239', '2021-08-27 01:07:13', 'Harapan'),
(1221, 1, 1, 39, 'SP', '21082701071239', '2021-08-27 01:08:12', 'Persepsi'),
(1222, 15, 1, 39, 'P', '21082701071239', '2021-08-27 01:08:12', 'Persepsi'),
(1223, 19, 1, 39, 'CP', '21082701071239', '2021-08-27 01:08:12', 'Persepsi'),
(1224, 20, 1, 39, 'SP', '21082701071239', '2021-08-27 01:08:12', 'Persepsi'),
(1225, 4, 2, 39, 'P', '21082701071239', '2021-08-27 01:08:12', 'Persepsi'),
(1226, 5, 2, 39, 'SP', '21082701071239', '2021-08-27 01:08:12', 'Persepsi'),
(1227, 21, 2, 39, 'P', '21082701071239', '2021-08-27 01:08:12', 'Persepsi'),
(1228, 22, 2, 39, 'SP', '21082701071239', '2021-08-27 01:08:12', 'Persepsi'),
(1229, 6, 3, 39, 'P', '21082701071239', '2021-08-27 01:08:12', 'Persepsi'),
(1230, 7, 3, 39, 'CP', '21082701071239', '2021-08-27 01:08:12', 'Persepsi'),
(1231, 23, 3, 39, 'CP', '21082701071239', '2021-08-27 01:08:12', 'Persepsi'),
(1232, 24, 3, 39, 'SP', '21082701071239', '2021-08-27 01:08:12', 'Persepsi'),
(1233, 8, 4, 39, 'P', '21082701071239', '2021-08-27 01:08:12', 'Persepsi'),
(1234, 9, 4, 39, 'P', '21082701071239', '2021-08-27 01:08:12', 'Persepsi'),
(1235, 25, 4, 39, 'P', '21082701071239', '2021-08-27 01:08:13', 'Persepsi'),
(1236, 26, 4, 39, 'P', '21082701071239', '2021-08-27 01:08:13', 'Persepsi'),
(1237, 10, 5, 39, 'SP', '21082701071239', '2021-08-27 01:08:13', 'Persepsi'),
(1238, 11, 5, 39, 'P', '21082701071239', '2021-08-27 01:08:13', 'Persepsi'),
(1239, 27, 5, 39, 'SP', '21082701071239', '2021-08-27 01:08:13', 'Persepsi'),
(1240, 28, 5, 39, 'P', '21082701071239', '2021-08-27 01:08:13', 'Persepsi'),
(1241, 1, 1, 40, 'SPG', '21082701102340', '2021-08-27 01:10:23', 'Harapan'),
(1242, 15, 1, 40, 'SPG', '21082701102340', '2021-08-27 01:10:23', 'Harapan'),
(1243, 19, 1, 40, 'PG', '21082701102340', '2021-08-27 01:10:23', 'Harapan'),
(1244, 20, 1, 40, 'SPG', '21082701102340', '2021-08-27 01:10:23', 'Harapan'),
(1245, 4, 2, 40, 'PG', '21082701102340', '2021-08-27 01:10:23', 'Harapan'),
(1246, 5, 2, 40, 'CPG', '21082701102340', '2021-08-27 01:10:23', 'Harapan'),
(1247, 21, 2, 40, 'PG', '21082701102340', '2021-08-27 01:10:23', 'Harapan'),
(1248, 22, 2, 40, 'SPG', '21082701102340', '2021-08-27 01:10:23', 'Harapan'),
(1249, 6, 3, 40, 'CPG', '21082701102340', '2021-08-27 01:10:23', 'Harapan'),
(1250, 7, 3, 40, 'PG', '21082701102340', '2021-08-27 01:10:23', 'Harapan'),
(1251, 23, 3, 40, 'SPG', '21082701102340', '2021-08-27 01:10:23', 'Harapan'),
(1252, 24, 3, 40, 'PG', '21082701102340', '2021-08-27 01:10:23', 'Harapan'),
(1253, 8, 4, 40, 'PG', '21082701102340', '2021-08-27 01:10:23', 'Harapan'),
(1254, 9, 4, 40, 'PG', '21082701102340', '2021-08-27 01:10:23', 'Harapan'),
(1255, 25, 4, 40, 'PG', '21082701102340', '2021-08-27 01:10:24', 'Harapan'),
(1256, 26, 4, 40, 'PG', '21082701102340', '2021-08-27 01:10:24', 'Harapan'),
(1257, 10, 5, 40, 'PG', '21082701102340', '2021-08-27 01:10:24', 'Harapan'),
(1258, 11, 5, 40, 'PG', '21082701102340', '2021-08-27 01:10:24', 'Harapan'),
(1259, 27, 5, 40, 'CPG', '21082701102340', '2021-08-27 01:10:24', 'Harapan'),
(1260, 28, 5, 40, 'PG', '21082701102340', '2021-08-27 01:10:24', 'Harapan'),
(1261, 1, 1, 40, 'CP', '21082701102340', '2021-08-27 01:11:37', 'Persepsi'),
(1262, 15, 1, 40, 'P', '21082701102340', '2021-08-27 01:11:37', 'Persepsi'),
(1263, 19, 1, 40, 'CP', '21082701102340', '2021-08-27 01:11:38', 'Persepsi'),
(1264, 20, 1, 40, 'P', '21082701102340', '2021-08-27 01:11:38', 'Persepsi'),
(1265, 4, 2, 40, 'P', '21082701102340', '2021-08-27 01:11:38', 'Persepsi'),
(1266, 5, 2, 40, 'CP', '21082701102340', '2021-08-27 01:11:38', 'Persepsi'),
(1267, 21, 2, 40, 'CP', '21082701102340', '2021-08-27 01:11:38', 'Persepsi'),
(1268, 22, 2, 40, 'P', '21082701102340', '2021-08-27 01:11:38', 'Persepsi'),
(1269, 6, 3, 40, 'KP', '21082701102340', '2021-08-27 01:11:38', 'Persepsi'),
(1270, 7, 3, 40, 'CP', '21082701102340', '2021-08-27 01:11:38', 'Persepsi'),
(1271, 23, 3, 40, 'CP', '21082701102340', '2021-08-27 01:11:38', 'Persepsi'),
(1272, 24, 3, 40, 'SP', '21082701102340', '2021-08-27 01:11:38', 'Persepsi'),
(1273, 8, 4, 40, 'CP', '21082701102340', '2021-08-27 01:11:38', 'Persepsi'),
(1274, 9, 4, 40, 'CP', '21082701102340', '2021-08-27 01:11:38', 'Persepsi'),
(1275, 25, 4, 40, 'P', '21082701102340', '2021-08-27 01:11:38', 'Persepsi'),
(1276, 26, 4, 40, 'CP', '21082701102340', '2021-08-27 01:11:38', 'Persepsi'),
(1277, 10, 5, 40, 'CP', '21082701102340', '2021-08-27 01:11:38', 'Persepsi'),
(1278, 11, 5, 40, 'CP', '21082701102340', '2021-08-27 01:11:38', 'Persepsi'),
(1279, 27, 5, 40, 'P', '21082701102340', '2021-08-27 01:11:38', 'Persepsi'),
(1280, 28, 5, 40, 'SP', '21082701102340', '2021-08-27 01:11:39', 'Persepsi'),
(1281, 1, 1, 41, 'SPG', '21083108200941', '2021-08-31 20:20:09', 'Harapan'),
(1282, 4, 2, 41, 'SPG', '21083108200941', '2021-08-31 20:20:09', 'Harapan'),
(1283, 5, 2, 41, 'SPG', '21083108200941', '2021-08-31 20:20:09', 'Harapan'),
(1284, 6, 3, 41, 'SPG', '21083108200941', '2021-08-31 20:20:09', 'Harapan'),
(1285, 7, 3, 41, 'SPG', '21083108200941', '2021-08-31 20:20:09', 'Harapan'),
(1286, 8, 4, 41, 'SPG', '21083108200941', '2021-08-31 20:20:09', 'Harapan'),
(1287, 9, 4, 41, 'SPG', '21083108200941', '2021-08-31 20:20:09', 'Harapan'),
(1288, 10, 5, 41, 'SPG', '21083108200941', '2021-08-31 20:20:09', 'Harapan'),
(1289, 11, 5, 41, 'SPG', '21083108200941', '2021-08-31 20:20:09', 'Harapan'),
(1290, 15, 1, 41, 'SPG', '21083108200941', '2021-08-31 20:20:09', 'Harapan'),
(1291, 19, 1, 41, 'SPG', '21083108200941', '2021-08-31 20:20:09', 'Harapan'),
(1292, 20, 1, 41, 'SPG', '21083108200941', '2021-08-31 20:20:10', 'Harapan'),
(1293, 21, 2, 41, 'SPG', '21083108200941', '2021-08-31 20:20:10', 'Harapan'),
(1294, 22, 2, 41, 'SPG', '21083108200941', '2021-08-31 20:20:10', 'Harapan'),
(1295, 23, 3, 41, 'SPG', '21083108200941', '2021-08-31 20:20:10', 'Harapan'),
(1296, 24, 3, 41, 'SPG', '21083108200941', '2021-08-31 20:20:10', 'Harapan'),
(1297, 25, 4, 41, 'SPG', '21083108200941', '2021-08-31 20:20:10', 'Harapan'),
(1298, 26, 4, 41, 'SPG', '21083108200941', '2021-08-31 20:20:10', 'Harapan'),
(1299, 27, 5, 41, 'SPG', '21083108200941', '2021-08-31 20:20:10', 'Harapan'),
(1300, 28, 5, 41, 'SPG', '21083108200941', '2021-08-31 20:20:10', 'Harapan'),
(1301, 1, 1, 41, 'TP', '21083108200941', '2021-08-31 20:20:44', 'Persepsi'),
(1302, 4, 2, 41, 'TP', '21083108200941', '2021-08-31 20:20:44', 'Persepsi'),
(1303, 5, 2, 41, 'TP', '21083108200941', '2021-08-31 20:20:44', 'Persepsi'),
(1304, 6, 3, 41, 'TP', '21083108200941', '2021-08-31 20:20:44', 'Persepsi'),
(1305, 7, 3, 41, 'TP', '21083108200941', '2021-08-31 20:20:44', 'Persepsi'),
(1306, 8, 4, 41, 'TP', '21083108200941', '2021-08-31 20:20:44', 'Persepsi'),
(1307, 9, 4, 41, 'TP', '21083108200941', '2021-08-31 20:20:44', 'Persepsi'),
(1308, 10, 5, 41, 'TP', '21083108200941', '2021-08-31 20:20:44', 'Persepsi'),
(1309, 11, 5, 41, 'TP', '21083108200941', '2021-08-31 20:20:44', 'Persepsi'),
(1310, 15, 1, 41, 'TP', '21083108200941', '2021-08-31 20:20:44', 'Persepsi'),
(1311, 19, 1, 41, 'TP', '21083108200941', '2021-08-31 20:20:44', 'Persepsi'),
(1312, 20, 1, 41, 'TP', '21083108200941', '2021-08-31 20:20:44', 'Persepsi'),
(1313, 21, 2, 41, 'TP', '21083108200941', '2021-08-31 20:20:44', 'Persepsi'),
(1314, 22, 2, 41, 'TP', '21083108200941', '2021-08-31 20:20:44', 'Persepsi'),
(1315, 23, 3, 41, 'TP', '21083108200941', '2021-08-31 20:20:44', 'Persepsi'),
(1316, 24, 3, 41, 'TP', '21083108200941', '2021-08-31 20:20:44', 'Persepsi'),
(1317, 25, 4, 41, 'TP', '21083108200941', '2021-08-31 20:20:44', 'Persepsi'),
(1318, 26, 4, 41, 'TP', '21083108200941', '2021-08-31 20:20:45', 'Persepsi'),
(1319, 27, 5, 41, 'TP', '21083108200941', '2021-08-31 20:20:45', 'Persepsi'),
(1320, 28, 5, 41, 'TP', '21083108200941', '2021-08-31 20:20:45', 'Persepsi');

-- --------------------------------------------------------

--
-- Table structure for table `pernyataan`
--

CREATE TABLE `pernyataan` (
  `id` int(11) NOT NULL,
  `id_dimensi` int(11) NOT NULL,
  `kode_kriteria` varchar(10) NOT NULL,
  `pernyataan` text NOT NULL
) ENGINE=InnoDB DEFAULT CHARSET=latin1;

--
-- Dumping data for table `pernyataan`
--

INSERT INTO `pernyataan` (`id`, `id_dimensi`, `kode_kriteria`, `pernyataan`) VALUES
(1, 1, 'T1', 'Hotel memiliki kelebihan dari Fasilitas yang ditawarkan.'),
(4, 2, 'R1', 'Karyawan Hotel Memiliki keahlian dan keterampilan pada bidangnya.'),
(5, 2, 'R2', 'Hotel Memiliki Jumlah Karyawan yang memadai sehingga konsumen cepat terlayani.'),
(6, 3, 'RS1', 'Karyawan Berusaha Membantu Konsumen ketika Konsumen butuh Bantuan.'),
(7, 3, 'RS2', 'Tindakan Cepat dan akurat terhadap Permasalahan yang dihadapi Komsumen.'),
(8, 4, 'A1', 'Karyawan Hotel Memiliki kemampuan dalam Pekerjaan.'),
(9, 4, 'A2', 'Karyawan Mengerjakan Pekerjaannya tepat waktu.'),
(10, 5, 'E1', 'Mudahnya Mendapatkan Informasi yang dibutuhkan.'),
(11, 5, 'E2', 'Karyawan Bersungguh sungguh dalam memahami keluhan dan kebutuhan konsumen.'),
(15, 1, 'T2', 'Hotel memiliki Teknologi yang canggih untuk melayani kebutuhan konsumen.'),
(19, 1, 'T3', 'Karyawan Hotel berpenampilan rapih dan berseragam.'),
(20, 1, 'T4', 'Bangunan Hotel Mewah dan modern.'),
(21, 2, 'R3', 'Penjelasan yang diberikan karyawan lengkap dan mudah dimengerti.'),
(22, 2, 'R4', 'Pelayanan yang dilakukan sesuai dengan kebutuhan konsumen.'),
(23, 3, 'RS3', 'Keluangan waktu karyawan untuk memastikan konsumen dalam keadaan nyaman.'),
(24, 3, 'RS4', 'Pelayanan yang diberikan sesuai terhadap keluhan yang didapat.'),
(25, 4, 'A3', 'Kamar Hotel yang diharapkan sesuai dengan yang dimiliki oleh hotel.'),
(26, 4, 'A4', 'Karyawan teliti dan berhati-hati dalam berkerja.'),
(27, 5, 'E3', 'Karyawan berkomunikasi dengan bahasa dan penyampaian yang mudah dimengerti oleh konsumen.'),
(28, 5, 'E4', 'Karyawan berupaya mencari tahu kebutuhan konsumen.'),
(29, 1, 'T1', 'testing');

-- --------------------------------------------------------

--
-- Table structure for table `tb_aturan`
--

CREATE TABLE `tb_aturan` (
  `id_aturan` int(11) NOT NULL,
  `harapan` varchar(11) NOT NULL,
  `persepsi` varchar(11) NOT NULL,
  `pelayanan` varchar(11) NOT NULL
) ENGINE=InnoDB DEFAULT CHARSET=latin1;

--
-- Dumping data for table `tb_aturan`
--

INSERT INTO `tb_aturan` (`id_aturan`, `harapan`, `persepsi`, `pelayanan`) VALUES
(58, 'TPG', 'SP', 'T'),
(59, 'TPG', 'P', 'T'),
(60, 'TPG', 'CP', 'S'),
(61, 'TPG', 'KP', 'R'),
(62, 'TPG', 'TP', 'R'),
(63, 'KPG', 'SP', 'T'),
(64, 'KPG', 'P', 'T'),
(65, 'KPG', 'CP', 'S'),
(66, 'KPG', 'KP', 'R'),
(67, 'KPG', 'TP', 'R'),
(68, 'CPG', 'SP', 'T'),
(69, 'CPG', 'P', 'S'),
(70, 'CPG', 'CP', 'S'),
(71, 'CPG', 'KP', 'R'),
(72, 'CPG', 'TP', 'R'),
(73, 'PG', 'SP', 'T'),
(74, 'PG', 'P', 'T'),
(75, 'PG', 'CP', 'S'),
(76, 'PG', 'KP', 'R'),
(77, 'PG', 'TP', 'R'),
(78, 'SPG', 'SP', 'T'),
(79, 'SPG', 'P', 'S'),
(80, 'SPG', 'CP', 'S'),
(81, 'SPG', 'KP', 'R'),
(82, 'SPG', 'TP', 'R');

-- --------------------------------------------------------

--
-- Table structure for table `tb_keanggotaan`
--

CREATE TABLE `tb_keanggotaan` (
  `id_keanggotaan` int(11) NOT NULL,
  `tipe` enum('Input','Output') NOT NULL,
  `variabel` enum('Persepsi','Harapan','Pelayanan') NOT NULL,
  `nm_keanggotaan` varchar(50) NOT NULL,
  `nama_fungsi` enum('Linear Naik','Segitiga','Linear Turun') NOT NULL,
  `nilai_batas_bawah` varchar(11) NOT NULL,
  `nilai_batas_tengah` varchar(11) NOT NULL,
  `nilai_batas_atas` varchar(11) NOT NULL
) ENGINE=InnoDB DEFAULT CHARSET=latin1;

--
-- Dumping data for table `tb_keanggotaan`
--

INSERT INTO `tb_keanggotaan` (`id_keanggotaan`, `tipe`, `variabel`, `nm_keanggotaan`, `nama_fungsi`, `nilai_batas_bawah`, `nilai_batas_tengah`, `nilai_batas_atas`) VALUES
(39, 'Input', 'Persepsi', 'Tidak Puas', 'Linear Turun', '0', '0.5', '1.5'),
(40, 'Input', 'Persepsi', 'Kurang Puas', 'Segitiga', '0.5', '1.5', '2.5'),
(41, 'Input', 'Persepsi', 'Cukup Puas', 'Segitiga', '1.5', '2.5', '3.5'),
(42, 'Input', 'Persepsi', 'Puas', 'Segitiga', '2.5', '3.5', '4.5'),
(43, 'Input', 'Persepsi', 'Sangat Puas', 'Linear Naik', '3.5', '4.5', '5'),
(45, 'Input', 'Harapan', 'Tidak Penting', 'Linear Turun', '0', '0.5', '1.5'),
(46, 'Input', 'Harapan', 'Kurang Penting', 'Segitiga', '0.5', '1.5', '2.5'),
(47, 'Input', 'Harapan', 'Cukup Penting', 'Segitiga', '1.5', '2.5', '3.5'),
(48, 'Input', 'Harapan', 'Penting', 'Segitiga', '2.5', '3.5', '4.5'),
(49, 'Input', 'Harapan', 'Sangat Penting', 'Linear Naik', '3.5', '4.5', '5'),
(50, 'Output', 'Pelayanan', 'Rendah', 'Linear Turun', '0', '0.5', '2.5'),
(52, 'Output', 'Pelayanan', 'Sedang', 'Segitiga', '0.5', '2.5', '4.5'),
(53, 'Output', 'Pelayanan', 'Tinggi', 'Linear Naik', '2.5', '4.5', '5'),
(54, 'Input', 'Harapan', 'Cukup Puas', 'Segitiga', '1.5', '2.5', '3.5');

-- --------------------------------------------------------

--
-- Table structure for table `users`
--

CREATE TABLE `users` (
  `user_id` int(11) NOT NULL,
  `username` varchar(64) NOT NULL,
  `password` varchar(255) NOT NULL,
  `email` varchar(255) NOT NULL,
  `nama_lengkap` varchar(255) NOT NULL,
  `phone` varchar(20) NOT NULL,
  `role` enum('admin','customer') NOT NULL DEFAULT 'customer',
  `last_login` timestamp NOT NULL DEFAULT current_timestamp(),
  `terdaftar` timestamp NOT NULL DEFAULT current_timestamp(),
  `is_active` tinyint(1) NOT NULL DEFAULT 0,
  `alamat` text NOT NULL,
  `jenis_kelamin` varchar(50) NOT NULL
) ENGINE=InnoDB DEFAULT CHARSET=latin1;

--
-- Dumping data for table `users`
--

INSERT INTO `users` (`user_id`, `username`, `password`, `email`, `nama_lengkap`, `phone`, `role`, `last_login`, `terdaftar`, `is_active`, `alamat`, `jenis_kelamin`) VALUES
(6, 'affan', '123', 'evancell291@gmail.com', 'Affan Tohari', '0823351240293', 'admin', '2022-02-19 04:20:11', '2021-06-21 05:09:06', 0, 'sumenep, madura ...', 'laki-laki'),
(11, 'Bass', '123', 'baskoro@gmail.com', 'Baskoro', '085236341785', 'customer', '2022-02-19 04:22:26', '2021-07-21 12:51:21', 0, 'Pamekasan,Lawangan Daya', 'laki-laki'),
(12, 'dani', '123', 'dan@gmail.com', 'Danis Hidayatullah', '085236341785', 'customer', '2022-01-13 12:23:00', '2021-07-24 07:35:17', 0, 'Pamekasan', 'laki-laki'),
(13, 'ubai', '123', 'ubai@gmail.com', 'Ubaidillah', '085236341785', 'customer', '2021-07-24 07:48:13', '2021-07-24 07:37:06', 0, 'Pamekasan', 'laki-laki'),
(14, 'putra', '123', 'putra@gmail.com', 'Muhammad Putra', '085236341785', 'customer', '2021-07-24 07:56:39', '2021-07-24 07:37:58', 0, 'Sampang', 'laki-laki'),
(15, 'rama', '123', 'ram@gmail.com', 'Paramadina Muhammad', '085236341785', 'customer', '2021-07-29 12:43:49', '2021-07-24 08:09:18', 0, 'Probolinggo, Krakasaan', 'laki-laki'),
(16, 'eni', '123', 'eni@gmail.com', 'Eniawati SH', '085236341785', 'customer', '2021-07-29 10:36:57', '2021-07-29 10:36:45', 0, 'Sumenep', 'perempuan'),
(17, 'aziz', '123', 'aziz@gmail.com', 'Aziz Junaidi', '085236341785', 'customer', '2021-07-29 10:45:22', '2021-07-29 10:45:08', 0, 'Pamekasan', 'laki-laki'),
(18, 'yongki', '123', 'yong@gmail.com', 'Yongki Pratama', '085236341785', 'customer', '2021-07-29 13:04:50', '2021-07-29 10:51:12', 0, 'Malang', 'laki-laki'),
(19, 'halim', '123', 'abd@gmail.com', 'Abd. Halim', '085236341785', 'customer', '2021-07-29 13:31:58', '2021-07-29 13:31:41', 0, 'Sumenep', 'laki-laki'),
(20, 'qorin', '123', 'qorin@gmail.com', 'Qorina Diana Farda', '085236341785', 'customer', '2021-07-29 13:40:15', '2021-07-29 13:40:08', 0, '123', 'perempuan'),
(21, 'Ridwan', '123', 'ridwan@gmail.com', 'Ridwan Lutfiansyah', '085236341785', 'customer', '2021-08-25 11:24:44', '2021-08-25 11:24:34', 0, 'Sumenep, Prenduan', 'laki-laki'),
(22, 'Idqon ', '123', 'iqon@gmail.com', 'Idqon Hadi', '085236341785', 'customer', '2021-08-25 11:53:43', '2021-08-25 11:53:34', 0, 'Sumenep, Aeng Panas', 'laki-laki'),
(23, 'pardi', '123', 'pardi@gmail.com', 'Supardi', '085236341785', 'customer', '2021-08-26 00:03:37', '2021-08-26 00:03:23', 0, 'Pamekasan, Pakong ', 'laki-laki'),
(24, 'Rika', '123', 'Rika@gmail.com', 'Rika Sofiana Dewi', '085236341785', 'customer', '2021-08-26 00:23:28', '2021-08-26 00:23:13', 0, 'Surabaya, Simokerto', 'perempuan'),
(25, 'ryan', '123', 'ryan@gmail.com', 'Ryan Shindu Pratama', '085236341785', 'customer', '2021-08-26 00:38:51', '2021-08-26 00:38:27', 0, 'Jogjakarta', 'laki-laki'),
(26, 'Satria', '123', 'bim@gmail.com', 'Satria Bimantara Putra', '085236341785', 'customer', '2021-08-26 00:56:41', '2021-08-26 00:55:42', 0, 'Bangkalan', 'laki-laki'),
(27, 'Nita', '123', 'Qonita@gmail.com', 'Affan Tohari', '085236341785', 'customer', '2021-08-26 01:17:10', '2021-08-26 01:14:05', 0, 'Sumenep', 'perempuan'),
(28, 'nadya', '123', 'nad@gmail.com', 'Maharani Nadya R', '085236341785', 'customer', '2021-08-26 01:33:00', '2021-08-26 01:32:47', 0, 'Surabaya', 'perempuan'),
(29, 'rangga', '123', 'Rangga@gmail.com', 'Juhe Rangga', '085236341785', 'customer', '2021-08-26 02:25:57', '2021-08-26 02:10:27', 0, 'pamekasan', 'laki-laki'),
(30, 'yuzra ', '123', 'yuz@gmaiil.com', 'Yuzra Abi', '085236341785', 'customer', '2021-08-26 02:44:14', '2021-08-26 02:42:18', 0, 'Sumenep', 'laki-laki'),
(31, 'wahono', '123', 'wah@gmail.com', 'wahono', '085236341785', 'customer', '2021-08-26 16:56:06', '2021-08-26 16:55:56', 0, 'Kediri', 'laki-laki'),
(32, 'suci', '123', 'suci@gmail.com', 'Suci Wulandari', '085236341785', 'customer', '2021-08-26 17:00:08', '2021-08-26 16:59:56', 0, 'Pamekasan, Talang', 'perempuan'),
(33, 'evita', '123', 'evita@gmail.com', 'Evita Roziq', '085236341785', 'customer', '2021-08-26 17:06:08', '2021-08-26 17:05:44', 0, 'Bangkalan', 'perempuan'),
(34, 'sari', '123', 'sari@gmail.com', 'Sari Antika ', '085236341785', 'customer', '2021-08-26 17:12:07', '2021-08-26 17:11:55', 0, 'Prenduan Kec.Pragaan', 'perempuan'),
(35, 'fery', '123', 'fery@gmail.com', 'Fery Ramadhani', '085236341785', 'customer', '2021-08-26 17:19:24', '2021-08-26 17:19:16', 0, 'Sumenep ', 'laki-laki'),
(36, 'baharuddin', '123', 'bahar@gmail.com', 'Baharuddin Saifulloh', '085236341785', 'customer', '2021-08-26 17:48:33', '2021-08-26 17:48:21', 0, 'Surabaya', 'laki-laki'),
(37, 'kamil ', '123', 'kamil@gmail.com', 'Kamil Sutomo', '085236341785', 'customer', '2021-08-26 17:55:33', '2021-08-26 17:55:24', 0, 'Situbondo', 'laki-laki'),
(38, 'ratna', '123', 'ratna@gmail.com', 'Ratna Sari', '085236341785', 'customer', '2021-08-26 18:02:48', '2021-08-26 18:02:34', 0, 'Malang', 'perempuan'),
(39, 'ifan', '123', 'ifan@gmail.com', 'Ifan Syaifudin', '085236341785', 'customer', '2021-08-26 18:06:23', '2021-08-26 18:06:15', 0, 'Pamekasan ', 'laki-laki'),
(40, 'zainudin', '123', 'zai@gmail.com', 'Zainudin Anwar', '085236341785', 'customer', '2021-08-26 18:09:34', '2021-08-26 18:09:24', 0, 'Sampang', 'laki-laki'),
(41, 'yosep', '123', 'yos@gmail.com', 'baharun', '087701943301', 'customer', '2021-08-31 13:19:18', '2021-08-31 12:25:47', 0, 'jember', 'laki-laki');

--
-- Indexes for dumped tables
--

--
-- Indexes for table `dimensi`
--
ALTER TABLE `dimensi`
  ADD PRIMARY KEY (`id_dimensi`);

--
-- Indexes for table `jawaban`
--
ALTER TABLE `jawaban`
  ADD PRIMARY KEY (`id_jawaban`);

--
-- Indexes for table `kepuasan`
--
ALTER TABLE `kepuasan`
  ADD PRIMARY KEY (`id_kepuasan`);

--
-- Indexes for table `kuisioner`
--
ALTER TABLE `kuisioner`
  ADD PRIMARY KEY (`id_kuisioner`),
  ADD KEY `id_dimensi` (`id_dimensi`);

--
-- Indexes for table `pernyataan`
--
ALTER TABLE `pernyataan`
  ADD PRIMARY KEY (`id`);

--
-- Indexes for table `tb_aturan`
--
ALTER TABLE `tb_aturan`
  ADD PRIMARY KEY (`id_aturan`);

--
-- Indexes for table `tb_keanggotaan`
--
ALTER TABLE `tb_keanggotaan`
  ADD PRIMARY KEY (`id_keanggotaan`);

--
-- Indexes for table `users`
--
ALTER TABLE `users`
  ADD PRIMARY KEY (`user_id`);

--
-- AUTO_INCREMENT for dumped tables
--

--
-- AUTO_INCREMENT for table `jawaban`
--
ALTER TABLE `jawaban`
  MODIFY `id_jawaban` int(11) NOT NULL AUTO_INCREMENT, AUTO_INCREMENT=32;

--
-- AUTO_INCREMENT for table `kepuasan`
--
ALTER TABLE `kepuasan`
  MODIFY `id_kepuasan` int(11) NOT NULL AUTO_INCREMENT, AUTO_INCREMENT=14;

--
-- AUTO_INCREMENT for table `kuisioner`
--
ALTER TABLE `kuisioner`
  MODIFY `id_kuisioner` int(11) NOT NULL AUTO_INCREMENT, AUTO_INCREMENT=1321;

--
-- AUTO_INCREMENT for table `pernyataan`
--
ALTER TABLE `pernyataan`
  MODIFY `id` int(11) NOT NULL AUTO_INCREMENT, AUTO_INCREMENT=30;

--
-- AUTO_INCREMENT for table `tb_aturan`
--
ALTER TABLE `tb_aturan`
  MODIFY `id_aturan` int(11) NOT NULL AUTO_INCREMENT, AUTO_INCREMENT=83;

--
-- AUTO_INCREMENT for table `tb_keanggotaan`
--
ALTER TABLE `tb_keanggotaan`
  MODIFY `id_keanggotaan` int(11) NOT NULL AUTO_INCREMENT, AUTO_INCREMENT=55;

--
-- AUTO_INCREMENT for table `users`
--
ALTER TABLE `users`
  MODIFY `user_id` int(11) NOT NULL AUTO_INCREMENT, AUTO_INCREMENT=42;
COMMIT;

/*!40101 SET CHARACTER_SET_CLIENT=@OLD_CHARACTER_SET_CLIENT */;
/*!40101 SET CHARACTER_SET_RESULTS=@OLD_CHARACTER_SET_RESULTS */;
/*!40101 SET COLLATION_CONNECTION=@OLD_COLLATION_CONNECTION */;
